:020000040800F2
:1000000000060020E1020008E3020008E302000805
:10001000E3020008E3020008E3020008E30200082C
:10002000E3020008E3020008E3020008A9780008E0
:10003000E3020008E3020008E3020008E30200080C
:10004000E3020008E3020008E3020008E3020008FC
:10005000E3020008E3020008E3020008E3020008EC
:10006000E3020008E3020008E30200085548000824
:100070007D480008A9480008D54800080149000843
:100080002949000855490008E3020008E302000876
:10009000E3020008E3020008E3020008E3020008AC
:1000A000E3020008E3020008E3020008E30200089C
:1000B000E3020008E3020008E3020008E30200088C
:1000C000E3020008E3020008E3020008E30200087C
:1000D000E3020008E3020008E3020008E30200086C
:1000E000E3020008E3020008E3020008E30200085C
:1000F000E3020008E3020008E30200088149000867
:10010000E3020008B5870008DD870008E302000865
:10011000E3020008E3020008E3020008E30200082B
:10012000AD490008D5490008014A00082D4A0008D9
:10013000594A0008E3020008E3020008E30200084D
:10014000E3020008E3020008E3020008E3020008FB
:10015000814A0008AD4A0008D94A0008E3020008B5
:10016000E3020008E3020008E3020008E3020008DB
:10017000E302000895840008E3020008E302000897
:10018000E3020008E3020008C9870008E302000850
:10019000E3020008E3020008E3020008E3020008AB
:1001A000E3020008E3020008E3020008E30200089B
:1001B000E3020008E3020008E3020008E30200088B
:1001C000E3020008E3020008E3020008E30200087B
:1001D000E302000881840008E3020008E30200084B
:1001E000E3020008E3020008E3020008E30200085B
:1001F000E3020008E3020008E3020008E30200084B
:10020000E3020008E3020008E3020008E30200083A
:10021000E3020008E3020008E3020008E30200082A
:10022000E3020008E3020008E3020008E30200081A
:10023000E3020008E3020008E3020008E30200080A
:10024000E3020008E3020008E3020008E3020008FA
:10025000E3020008E3020008E3020008E3020008EA
:10026000E3020008E3020008E3020008E3020008DA
:10027000E3020008E3020008E3020008E3020008CA
:10028000E3020008E3020008E3020008E3020008BA
:10029000E3020008E3020008E3020008E3020008AA
:1002A000E3020008E3020008E3020008E30200089A
:1002B000E3020008E3020008E3020008E30200088A
:1002C000E3020008E3020008E3020008E30200087A
:1002D000E3020008E3020008E3020008E30200086A
:1002E00002E000F000F8FEE772B6374880F30888B5
:1002F000364880F3098836483649086040F20000E5
:10030000CCF200004EF63471CEF200010860BFF36B
:100310004F8FBFF36F8F40F20000C0F2F0004EF637
:100320008851CEF200010860BFF34F8FBFF36F8F8B
:100330004FF00000E1EE100A4EF63C71CEF20001E3
:100340000860062080F31488BFF36F8F07F00EFB60
:1003500006F07AFC4FF055301F491B4A91423CBFD2
:1003600041F8040BFAE71D49184A91423CBF41F895
:10037000040BFAE71A491B4A1B4B9A423EBF51F83D
:10038000040B42F8040BF8E700201849184A914280
:100390003CBF41F8040BFAE707F026FB06F0D8FC57
:1003A000144C154DAC4203DA54F8041B8847F9E7A6
:1003B00000F0C4F9114C124DAC4203DA54F8041B9E
:1003C0008847F9E707F00EBB000600200022002056
:1003D0000000000808ED00E00000002000060020FA
:1003E000389C0008002200206C220020702200208F
:1003F000D45D0020E0020008E0020008E0020008EE
:10040000E00200082DE9F04F2DED108AC1F80CD064
:10041000D0F80CD0BDEC108ABDE8F08F002383F338
:1004200011882846A047002006F0F0F9FEE706F004
:1004300043F900DFFEE7000053B94AB9002908BFBD
:1004400000281CBF4FF0FF314FF0FF3000F074B9AF
:10045000ADF1080C6DE904CE00F006F8DDF804E01B
:10046000DDE9022304B070472DE9F047089D0446FA
:100470008E46002B4DD18A42944669D9B2FA82F257
:1004800052B101FA02F3C2F1200120FA01F10CFA93
:1004900002FC41EA030E94404FEA1C48210CBEFBCB
:1004A000F8F61FFA8CF708FB16E341EA034306FB54
:1004B00007F199420AD91CEB030306F1FF3080F0E3
:1004C0001F81994240F21C81023E63445B1AA4B230
:1004D000B3FBF8F008FB103344EA034400FB07F7D2
:1004E000A7420AD91CEB040400F1FF3380F00A8113
:1004F000A74240F207816444023840EA0640E41B08
:1005000000261DB1D4400023C5E900433146BDE8B3
:10051000F0878B4209D9002D00F0EF800026C5E955
:10052000000130463146BDE8F087B3FA83F6002E6D
:100530004AD18B4202D3824200F2F980841A61EBE5
:10054000030301209E46002DE0D0C5E9004EDDE703
:1005500002B9FFDEB2FA82F2002A40F09280A1EBEB
:100560000C014FEA1C471FFA8CFE0126200CB1FB40
:10057000F7F307FB131140EA01410EFB03F0884239
:1005800008D91CEB010103F1FF3802D2884200F2C6
:10059000CB804346091AA4B2B1FBF7F007FB101158
:1005A00044EA01440EFB00FEA64508D91CEB0404F6
:1005B00000F1FF3102D2A64500F2BB800846A4EB51
:1005C0000E0440EA03409CE7C6F12007B34022FA3C
:1005D00007FC4CEA030C20FA07F401FA06F31C436B
:1005E000F9404FEA1C4900FA06F3B1FBF9F8200C78
:1005F0001FFA8CFE09FB181140EA014108FB0EF0BE
:10060000884202FA06F20BD91CEB010108F1FF3A0D
:1006100080F08880884240F28580A8F10208614419
:10062000091AA4B2B1FBF9F009FB101144EA014127
:1006300000FB0EFE8E4508D91CEB010100F1FF34D2
:100640006CD28E456AD90238614440EA0840A0FB6A
:100650000294A1EB0E01A142C846A64656D353D040
:100660005DB1B3EB080261EB0E0101FA07F722FA64
:1006700006F3F1401F43C5E9007100263146BDE88D
:10068000F087C2F12003D8400CFA02FC21FA03F3F0
:10069000914001434FEA1C471FFA8CFEB3FBF7F071
:1006A00007FB10360B0C43EA064300FB0EF69E4296
:1006B00004FA02F408D91CEB030300F1FF382FD22F
:1006C0009E422DD9023863449B1B89B2B3FBF7F6D7
:1006D00007FB163341EA034106FB0EF38B4208D9B0
:1006E0001CEB010106F1FF3816D28B4214D9023EF1
:1006F0006144C91A46EA004638E72E46284605E70F
:100700000646E3E61846F8E64B45A9D2B9EB0208DF
:1007100064EB0C0E0138A3E74646EAE7204694E76F
:100720004046D1E7D0467BE7023B614432E73046A2
:1007300009E76444023842E7704700BF70B594B0DF
:1007400001F058FB01F014FD06F09EFF054607F08E
:1007500091F80446002840F0CB806C4B9D4200F09D
:10076000C98001339D4241F2883504BF0124002530
:10077000002006F093FF0CB100F036F901F096FC72
:10078000132101A807F086F89DF84F30002B00F0E8
:10079000B3800024132101A88DF84F4007F074F8AE
:1007A0005B4BD3F8D82042F00062C3F8D820D3F8CE
:1007B000002122F00062C3F80021D3F80021554A3D
:1007C000D2F8041841F00201C2F804180121946320
:1007D0001161116911F00101FBD1D3F8802042F0C1
:1007E0000062C3F88020D3F8802022F00062C3F8B2
:1007F0008020D3F88020D3F8D82022F00062C3F8FC
:10080000D820D3F8002122F00062C3F80021424A28
:10081000D3F80031C2F88410BFF34F8FD2F8803084
:1008200043F6E074C3F3C900C3F34E335B0103EA3C
:100830000406014646EA81750139C2F86C52F9D2C4
:10084000203B13F1200FF2D1BFF34F8FBFF36F8F17
:100850000023C2F88430BFF34F8F536923F48033F1
:100860005361BFF34F8FD2F8803043F6E0742A4AC9
:10087000C3F3C900C3F34E335B0103EA0406014628
:1008800046EA81750139C2F87452F9D2203B13F15E
:10089000200FF2D1BFF34F8FBFF36F8FBFF34F8F96
:1008A000BFF36F8F0023C2F85032BFF34F8FBFF3F7
:1008B0006F8FBFF34F8FBFF36F8F516921F40031FA
:1008C0005161C2F85032BFF34F8FBFF36F8F62B6E2
:1008D0009360C2F8883083F31488BFF36F8F0F4B97
:1008E000D3F8002882F30888D3F804389847FEE745
:1008F00000253DE705463BE700F032FD08B100F07A
:1009000073F8284600F01EF9F9E700BF010007B0B0
:10091000004402580000084000ED00E00090F01F85
:1009200008B501F033FAA0F120035842584108BD40
:1009300007B5042101900DEB010001F045FA03B069
:100940005DF804FB38B5302383F31188174803683A
:100950000BB106F03FF80023154A4FF47A711348A3
:1009600006F02EF8002383F31188124C236813B18C
:100970002368013B2360636813B16368013B6360D4
:100980000D4D2B7833B963687BB9022001F0F8FA7A
:10099000322363602B78032B07D163682BB90220C5
:1009A00001F0EEFA4FF47A73636038BD70220020D4
:1009B000450900089023002088220020084B187069
:1009C00003280CD8DFE800F008050208022001F037
:1009D000CFBA022001F0C2BA024B00225A6070471F
:1009E0008822002090230020F8B5504B504A1C4626
:1009F0001968013100F0998004339342F8D162689C
:100A00004C4B9A4240F291804B4B9B6803F1006340
:100A100003F500339A4280F08880002001F010FA3C
:100A20000220FFF7CBFF454B0021D3F8E820C3F8A5
:100A3000E810D3F81021C3F81011D3F81021D3F81F
:100A4000EC20C3F8EC10D3F81421C3F81411D3F838
:100A50001421D3F8F020C3F8F010D3F81821C3F80C
:100A60001811D3F81821D3F8802042F00062C3F89F
:100A70008020D3F8802022F00062C3F88020D3F8D1
:100A80008020D3F8802042F00072C3F88020D3F891
:100A9000802022F00072C3F88020D3F8803072B634
:100AA0004FF0E023C3F8084DD4E90004BFF34F8FA3
:100AB000BFF36F8F224AC2F88410BFF34F8F536980
:100AC00023F480335361BFF34F8FD2F8803043F665
:100AD000E076C3F3C905C3F34E335B0103EA060CAA
:100AE00029464CEA81770139C2F87472F9D2203B69
:100AF00013F1200FF2D1BFF34F8FBFF36F8FBFF30E
:100B00004F8FBFF36F8F536923F40033536100237A
:100B1000C2F85032BFF34F8FBFF36F8F302383F390
:100B20001188854680F308882047F8BD0000020838
:100B300020000208FFFF01080022002000440258A4
:100B400000ED00E02DE9F04F95B0DFF8D8922022BB
:100B5000FF21029004A8D9F8085001F051FAA84AE0
:100B60001378A3B90121A74811700360302383F3E0
:100B7000118803680BB105F02DFF0023A24A4FF442
:100B80007A71A04805F01CFF002383F31188029BB3
:100B900013B19E4B029A1A609D4A1378032B03D01F
:100BA00000231370994A53604FF0000B029C5E467D
:100BB000DA46CDF804B0012001F0DAF924B1934B04
:100BC0001B68002B00F02882002001F0DFF8B0F154
:100BD0000008F3DB012001F0C1F9A8F121031F2B6C
:100BE000E9D801A252F823F0690C0008850C00082E
:100BF000130D0008B70B0008B70B0008B70B00086F
:100C00009D0D00088F0F0008810E0008DD0E000802
:100C1000030F0008290F0008B70B00083B0F00085E
:100C20005F0F0008D70F0008F10C0008B70B000891
:100C30001F100008750C0008F10C0008B70B000825
:100C4000DD0E0008B70B0008B70B0008B70B000853
:100C5000B70B0008B70B0008B70B0008B70B00086C
:100C6000B70B0008130D00080220FFF759FE0028FB
:100C700040F0FF81029B02216648BBF1000F08BFD4
:100C80001C4640E04FF47A7001F080F8071EF1DB5B
:100C90000220FFF745FE0028ECD0013F052F00F2AF
:100CA000EA81DFE807F003070A0D10330520FFF79C
:100CB0003FFE14E0D9F80000F9E7D9F80400F6E7A0
:100CC000D9F80800F3E74FF01C08404608F1040883
:100CD00001F0B8F8FFF72CFEB8F12C0FF5D1012088
:100CE000019B4FF0000A00FA07F71F43FBB2019384
:100CF00001F0D2F92EB1019B03F00B030B2B08BFBF
:100D000000240221444801F05FF854E7D9F80C00B0
:100D1000CDE7002EAED0019B03F00B030B2BA9D126
:100D20000220FFF7FDFD07460028A3D00120002682
:100D300001F086F80220FFF741FE1FFA86FB5846B5
:100D400001F08EF8044688B1A8F1400258460136F9
:100D50005142514101F094F80028EED1BB460446BF
:100D600002212E483E4601F02FF824E725460120B7
:100D7000FFF724FED9F80830AB4207D9284601F026
:100D800061F8013040F07A810435F3E70025204B0B
:100D9000BB463E461D701D4B5D60A9E7002E3FF42B
:100DA00069AF019B03F00B030B2B7FF463AF0220B1
:100DB000FFF704FE322000F0E9FFB0F10008FFF673
:100DC00059AF18F003077FF455AF08EB0503D9F8C6
:100DD000082093423FF64EAFB8F5807F3FF74AAF09
:100DE0000F4BB84503931FDD4FF47A7000F0CEFF30
:100DF0000028FFF63FAF039B013703F8010BF0E734
:100E00008C23002070220020450900089023002038
:100E100088220020EC910008E4910008E891000885
:100E20008C22002000220020C820FFF779FD074611
:100E300000283FF41FAF1F2D11D8C5F1200204ABCD
:100E400025F003008F494245184428BF42460392CB
:100E500001F0B0F8039AFF218A4801F0D1F84FEA77
:100E6000A803C8F3870287492846039301F0D0F806
:100E7000064600283FF474AF039B05EB830537E774
:100E80000220FFF74DFD00283FF4F4AE01F016F804
:100E900000283FF4EFAE0027B846D9F80830BB422F
:100EA00018D91F2F11D8049B01330ED027F003034C
:100EB00014AA134453F8403C0C93404604220CA956
:100EC000043701F067F98046E7E7384600F0BAFFDB
:100ED0000C90F2E74046FFF72BFD09E70023642161
:100EE0000CA80C9300F066FF00287FF4C3AE02202C
:100EF000FFF716FD00283FF4BDAE0C9800F0D4FFBC
:100F0000E9E7002364210CA80C9300F053FF0028AC
:100F10007FF4B0AE0220FFF703FD00283FF4AAAE35
:100F20000C9800F0C3FFD6E70220FFF7F9FC002879
:100F30003FF4A0AE00F0D2FFCDE70220FFF7F0FCB7
:100F400000283FF497AE0CA9142000F0CDFF0390C9
:100F5000FFF7EEFC03990CA800F036FFC8E602206C
:100F6000FFF7DEFC00283FF485AE474B0CAF03F1E2
:100F7000100C1868083353F8041C3A46634503C242
:100F80001746F6D11020FFF7D3FC1021E3E73220FB
:100F900000F0FCFE071EFFF66DAEBB077FF46AAEE5
:100FA00007EB0A03D9F8082093423FF663AE02200C
:100FB000FFF7B6FC00283FF45DAE27F00307574467
:100FC000BA453FF495AE50460AF1040A00F03AFFE4
:100FD000FFF7AEFCF4E74FF47A70FFF7A1FC0028AE
:100FE0003FF448AE00F06AFF002849D0049B01336B
:100FF0000BD0082204A9002001F00AF800283FD0F5
:101000002022FF2104A800F0FBFF2048022100F06D
:10101000DBFE1F4805F000FC15B0BDE8F08F002E88
:101020003FF428AE019B03F00B030B2B7FF422AEA1
:10103000002364210CA80C9300F0BCFE0746002896
:101040007FF418AE0220FFF76BFC804600283FF4C7
:1010500011AE02210D4800F0B7FE41F2883005F0D4
:10106000DBFB0C9801F062F846463C4601F014F8B0
:10107000A1E506463CE64FF0000AFBE5BB466FE6FD
:1010800037466DE68C220020D0910008E4910008DC
:10109000A086010070470000704700007047000004
:1010A0002DE9F04100F58037044616463B7C5BB9DC
:1010B000C0681030204400F07DFFE5683544B5F588
:1010C000004FE56002D816B1BDE8F081DEB905F049
:1010D0007F0605F110000021C6F180062044F6B21B
:1010E00032462E4400F08CFFA06804F1100832460E
:1010F00000F10060414600F5003006F065F830B9B7
:1011000001233B74E0E74FF400463546ECE7A26864
:1011100005F11001404632442144A260E268521BAE
:10112000E26000F047FF0220BDE8F04100F028BF78
:10113000183000F0E9BC000010B5044601F046F894
:10114000204610BD10B5044601F040F8204610BD01
:10115000C0B2A0F14103052B02D83738C0B27047A6
:10116000A0F16103052B94BF57383038F6E7000033
:1011700070B504461546084603220C4900F024FFCA
:10118000014688B908346E1C15F91100FFF7E0FF1D
:10119000024616F911000131FFF7DAFF102940EA83
:1011A000021004F8010BEFD170BD00BFF0910008F0
:1011B0002DE9F04FADF53F7D0746416801222AA891
:1011C00002F0F4FE002840F0878006468246814601
:1011D0001125DFF80C81DFF80CB101AB4FF4805220
:1011E00041462AA803F042F8002875D1019AB2F5C9
:1011F000805F71D8002A65D00446019A9442ECD2EF
:10120000282D0FD008DC132D2DD01E2D39D0112DF7
:1012100013D00134A4B2F0E7322D2DD0372D2FD0CA
:101220002D2DF6D13B68121B08EB040138461B69D3
:101230002D259847BDF80440EBE7121B022A09D977
:10124000594608EB040000F0BFFE18B90234282507
:10125000A4B2DEE718F804303A2B3DD00A2B1CBFAD
:10126000A1461325D5E718F804300A2B34D03A2BC1
:1012700004BFA2463225CCE718F80430202BC8D092
:10128000264618F804300A2B1AD1AAEB090208EBFB
:10129000090102A811254F2A28BF4F2207F084FF19
:1012A000A21B08EB060116A84F2A28BF4F2207F001
:1012B0007BFF3B6816AA02A9DB6838469847A8E777
:1012C0001E25A6E73B68384604491B69984701205C
:1012D0000DF53F7DBDE8F08F0020F9E7F2920008A0
:1012E00098230020F491000800F1180110B504467D
:1012F00086B00846019100F0F1FB2046FFF758FF49
:1013000060B1019902A800F049FC102204F1080123
:1013100002A807F009FFB0FA80F0400906B010BD3E
:1013200070B504460025EEB2304600F099FD58B184
:1013300000213046013500F0A3FD08B9002070BD42
:10134000022000F01DFEEEE72046FFF731FF0028E7
:10135000F4D004F58034207C80F00100EFE7000039
:10136000F0B5C9B006F0A8F900F04CFF18B9002597
:10137000284649B0F0BD69462A4803F039F80028EC
:101380004BD1294C204603F063F8284803F060F85D
:10139000274803F05DF82146224803F0D5F80028DD
:1013A000E5D1702000F00CFF064610B1214B4460DF
:1013B0000360336830469B689847054600282ED066
:1013C0001A4F1948394603F0BFF805460028CED118
:1013D000194800F0F5FE044638B1184B4760036029
:1013E00000F58033C0E902551D74236820469B68D0
:1013F0009847054628B10E490C4803F0A5F8002887
:10140000B5D1336830465B6898471CB123682046E5
:101410005B68984700F0DEFEAAE70025FAE704467D
:10142000EFE700BFF8910008089200081F9200083B
:1014300035920008589200081400010074920008C8
:101440002DE9F04FD44A8DB00B68D0F804A0019379
:101450001A440368D14E1A44D1F81C90DFF8B4C383
:10146000DFF8B4B3D0E90234634003EA0A0363400F
:1014700013444A6802920AEB7363029CC84A2244EE
:10148000C468224484688AEA04051D406540154406
:101490008A68039203EB3555039CC24A2244846850
:1014A00022448AEA03042C4084EA0A041444CA68E9
:1014B00005EBF4340492164483EA050222405644B4
:1014C0005A4032440E69059604EBB222059FB64E8F
:1014D0003E441E4485EA040313406B4033444E6986
:1014E000069602EB7363069FB04E3E442E4484EA98
:1014F00002051D40654035448E69079603EB35555E
:10150000079FAB4E3E44264482EA03042C405440DD
:101510003444A84E4E4405EBF434164483EA0502E5
:1015200022405A4032440E6A089604EBB222089FC9
:10153000A14E3E441E4485EA040313406B403344ED
:101540004E6A099602EB7363099F9C4ED1F830E016
:101550003E44D1F83880F3442E4484EA02051D400D
:10156000654035448E6AA6F5244703EB35550A9647
:101570004F3F274482EA03042C4054403C44CF6A46
:101580000B9705EBF4340B9E8D4F3744029E1744A6
:1015900083EA050222405A403A448A4F774404EBDA
:1015A000B2221F4485EA040313406B403B444F6B57
:1015B000BC4402EB7363654484EA020C0CEA030C3E
:1015C0008CEA040C6544DFF854C2C44403EB35557F
:1015D000A44482EA03042C4054406444D1F83CC043
:1015E000794905EBF4346144114483EA0502224051
:1015F0005A400A44754904EBB2223144079E19440B
:1016000084EA02032B4063400B44714902EBF3630D
:1016100031440B9E0D4482EA03012140514029448C
:101620006C4D03EBF1513544019E254483EA0104DE
:1016300014405C402C44684D01EBB4443544069E94
:10164000154481EA04021A404A402A44634D04EBDF
:10165000323235440A9E1D4484EA02030B40634043
:101660002B445F4D02EBF3633544059E0D4482EA43
:1016700003012140514029445A4D03EBF151654487
:10168000254483EA010414405C402C44564D01EB90
:10169000B4443544099E154481EA04021A404A4084
:1016A0002A44524D04EB32323544049E1D4484EAF0
:1016B00002030B4063402B444D4D02EBF363454462
:1016C0000D4482EA0301214051402944494D03EB76
:1016D000F1513544089E2C4483EA010515405D40D4
:1016E0002C44454D01EBB4443544039E2A4481EA21
:1016F00004051D404D402A44404D04EB32323D4428
:101700002B4484EA020593440D4065402B443C4D34
:1017100002EBF3633544069E294482EA0305254023
:1017200055402944374D03EBF1514D442C4483EA95
:10173000010515405D40254401EBB54581EA0504EE
:1017400004EA03024A405A44A6F5B82B089E05EB6A
:101750003232ABF2BE6B54405B4423442A4C3444D7
:1017600002EB33730B9E0C4485EA0201594021447D
:10177000264C344403EB7151029E254482EA030453
:101780004C402544224C444401EB3545144483EA43
:1017900001026A40224443E078A46AD7EECEBDC17C
:1017A00056B7C7E8DB702024AF0F7CF52AC6874701
:1017B000134630A8019546FDD8988069AFF7448B51
:1017C000BED75C892211906B2108B44962251EF6B0
:1017D00040B340C0515A5E26AAC7B6E95D102FD665
:1017E0005314440281E6A1D8C8FBD3E7E6CDE1213A
:1017F000D60737C3870DD5F4ED145A4505E9E3A99B
:10180000F8A3EFFCD9026F6781F6718722619D6DA5
:101810000C38E5FD937198FD8A4C2A8D8E4379A68C
:10182000934C344405EB7222059E1C4481EA050367
:10183000534023448F4C344402EB33730A9E0C44D0
:1018400085EA0201594021448B4C4C4403EB715111
:10185000254482EA03044C402C44884D354401EB76
:101860003444019E154483EA010262402A44844DB7
:101870003D4404EB72221D4481EA040353402B448F
:10188000804D354402EB3373049E294484EA0205FB
:101890005D4029447C4D354403EB7151079E25443E
:1018A00082EA03044C402C44784D354401EB344427
:1018B000099E2A4483EA010565401544744A32446E
:1018C00004EB7525039E134481EA04026A401A441E
:1018D000704B734405EB32720B4484EA05015140AE
:1018E00019446D4B634402EB71511C4485EA0203B9
:1018F0004B401C44694B334401EB3444019E1D446E
:1019000082EA010363402B44654D04EB73233544A5
:10191000069E154463EA010262402A44614D03EBCE
:10192000B2624D4462EA040929445F4D89EA030921
:10193000454449442C445D4D02EBB1513544049E6D
:1019400061EA03081D4488EA0208444401EB744438
:1019500064EA02034B402B44554D04EBF3237544DA
:1019600063EA010E15448EEA040E0EEB0502514D9A
:1019700003EBB262354462EA040E29440A9D8EEA02
:10198000030EA5F580164C4D7144A6F6833602EB86
:10199000B151264461EA030454403444029E01EBF1
:1019A0007444354464EA02061D444E407319089E8F
:1019B000424D04EBF323354463EA010615446640C7
:1019C00072193F4D03EBB262654462EA0406294492
:1019D0003C4D5E403144079E02EBB151354461EA13
:1019E00003062C44384D56403D443444059E1D4466
:1019F00001EB744464EA02034B402B44334D04EB87
:101A0000F32335440B9E154463EA010262402A44E5
:101A10002F4D03EBB2623544039E0D4462EA04018C
:101A2000594029442B4D02EBB15135442A4E2544EF
:101A300061EA030454402C44099D01EB74442E4494
:101A400064EA02051E4485EA01039D1903681A44ED
:101A50000AEB040303EBF5230260436083681C4434
:101A6000C36819448460C1600DB0BDE8F08F00BF49
:101A700044EABEA4A9CFDE4B604BBBF670BCBFBE30
:101A8000C67E9B28FA27A1EA8530EFD4051D88047D
:101A900039D0D4D9E599DBE6F87CA21F6556ACC4F1
:101AA000442229F497FF2A43A72394AB39A093FC3F
:101AB000C3595B6592CC0C8FD15D84854F7EA86F36
:101AC000E0E62CFE144301A3A111084E827E53F7D9
:101AD00035F23ABDBBD2D72A91D386EB094B0360CE
:101AE00003F18833436003F12943A3F59613A3F66A
:101AF0008B638360A3F18833C3600023C0E90433A0
:101B0000704700BF012345672DE9F8431446026979
:101B100005460E46E300C2F3C50800F118079B18FE
:101B2000036122BF43690133436112F4FC7F4369BF
:101B300003EB5473436114D0C8F1400907EB08006C
:101B40004C4504D22246BDE8F84307F0FDBA403CBC
:101B50004A464E4407F0F8FA444439462846FFF70F
:101B60006FFCA04606EB0409B8F13F0FA9EB080192
:101B70000AD94022384607F0E7FA39462846A8F144
:101B80004008FFF75DFCEFE7A1096FF03F02384620
:101B900002FB014206EB8111D5E7000070B50B692D
:101BA00001F1180506460C46C3F3C503EA18501C9C
:101BB0008022EA54C3F13F02072A1FD8002100F017
:101BC0001FFA29462046FFF73BFC38220021284611
:101BD00000F016FA23692946204623656369636588
:101BE000FFF72EFC21461022304607F0ADFA2046C2
:101BF00058220021BDE8704000F002BAC3F137025C
:101C00000021E5E72DE9F84F4FF47A7306460D46BB
:101C1000002402FB03F7DFF85080DFF8509098F9BA
:101C200000305FFA84FA5A1C01D0A34212D159F84D
:101C300024002A4631460368D3F820B03B46D847F3
:101C4000854207D1074B012083F800A0BDE8F88F3B
:101C50000124E4E7002CFBD04FF4FA7004F0DCFD23
:101C60000020F3E7DC3300201022002014220020A3
:101C700000232DE9F0471A460546884601201946FB
:101C800002F0D2FF0446802005F0BCFB0746002886
:101C900061D0002C5FD03B4E28464FF0800A73691C
:101CA00043F0C0637361D6F8143143F0C063C6F8E3
:101CB000143105F029FA05EB080200FB05F34FF497
:101CC000D06C50434FF03D0E834233D23269520103
:101CD00043D4D6F8102151013FD4216803F10062AA
:101CE0008A602268D7602268C2F804A02268C2F81D
:101CF00000C0D4F80090D9F8002042F00102C9F8E1
:101D00000020D4F80090D9F8002022F01E02C9F873
:101D10000020D4F80090D9F80020D207FBD494F822
:101D20000C90803361680EFA09F20A60CCE700205B
:101D300005F0C8FA204602F0B7FF384605F09EFBD2
:101D4000104B5A6942F0C0625A61D3F8142142F034
:101D5000C062C3F81421BDE8F0870B4B9A6A42F4C5
:101D600000729A629A6A42F400429A6261B6002650
:101D7000012005F0A7FAB045D9D9A819013605F018
:101D8000DBF9F8E70020005200ED00E0002307B582
:101D9000024601210DF107008DF80730FFF732FFF1
:101DA00020B19DF8070003B05DF804FB4FF0FF3051
:101DB000F9E700000A46042108B5FFF723FF80F089
:101DC0000100C0B2404208BD074B0A4630B4197842
:101DD000064B53F82140014623682046DD69044B39
:101DE000AC4630BC604700BFDC330020142200202A
:101DF000A086010070B5104C0025104E05F088F942
:101E000020803068238883420CD800252088013840
:101E100005F07AF923880544013BB5F5802F23802E
:101E2000F4D370BD05F070F9336805440133B5F59E
:101E3000003F3360E5D3E8E7DE330020983300202D
:101E400005F040BA00F1006000F50030006870470E
:101E500000F10060920000F5003005F0B5B9000017
:101E6000054B1A68054B1B889B1A834202D9104404
:101E700005F04AB90020704798330020DE33002077
:101E800038B50446074D29B128682044BDE83840DC
:101E900005F052B92868204405F03CF90028F3D039
:101EA00038BD00BF983300200020704700F1FF507C
:101EB00000F58F10D0F8000870470000064991F82F
:101EC000243033B100230822086A81F82430FFF758
:101ED000BFBF0120704700BF9C330020014B186832
:101EE000704700BF0010005C194B01380322084402
:101EF00070B51D68174BC5F30B042D0C1E88A64248
:101F00000BD15C680A46013C824213460FD214F999
:101F1000016F4EB102F8016BF6E7013A03F10803D5
:101F2000ECD181420B4602D22C2203F8012B04246F
:101F3000094A1688AE4204D1984284BF967803F8C5
:101F4000016B013C02F10402F3D1581A70BD00BFCD
:101F50000010005C1C220020B4920008022803D16B
:101F6000024B4FF400229A61704700BF00100258E4
:101F7000022802D1014B08229A61704700100258D2
:101F8000022804D1024A536983F008035361704761
:101F90000010025870B504464FF47A764CB1412CCB
:101FA000254628BF412506FB05F0641B04F034FCE0
:101FB000F4E770BD002310B5934203D0CC5CC45449
:101FC0000133F9E710BD0000013810B510F9013FE9
:101FD0003BB191F900409C4203D11AB10131013A61
:101FE000F4E71AB191F90020981A10BD1046FCE7E9
:101FF00003460246D01A12F9011B0029FAD1704794
:1020000002440346934202D003F8011BFAE77047EB
:102010002DE9F8431F4D14460746884695F82420BD
:1020200052BBDFF870909CB395F824302BB9202276
:10203000FF2148462F62FFF7E3FF95F82400414651
:10204000C0F1080205EB8000A24228BF2246D6B2AA
:102050009200FFF7AFFF95F82430A41B17441E44ED
:102060009044E4B2F6B2082E85F82460DBD1FFF785
:1020700025FF0028D7D108E02B6A03EB82038342B7
:10208000CFD0FFF71BFF0028CBD10020BDE8F8839D
:102090000120FBE79C330020024B1A78024B1A7098
:1020A000704700BFDC3300201022002038B51A4CE6
:1020B0001A4D204603F0A8FE2946204603F0D0FE24
:1020C0002D684FF47A70D5F89020D2F8043843F098
:1020D0000203C2F80438FFF75DFF1149284603F0F8
:1020E000CDFFD5F890200F4DD2F80438286823F0A2
:1020F00002030D49A042C2F804384FF4E1330B60EB
:1021000001D003F0DFFD6868A04204D00649BDE8B5
:10211000384003F0D7BD38BD38400020B09A0008E1
:10212000B89A000814220020C43300200C4B70B56C
:102130000C4D04461E780C4B55F826209A420DD0C3
:102140000A4B002118221846FFF75AFF0460014687
:1021500055F82600BDE8704003F0B4BD70BD00BF67
:10216000DC3300201422002038400020C43300203B
:1021700008B571B6054B1988054B1888FFF778FD2F
:1021800002210E20FFF774FD61B608BDDE3300208A
:102190009833002030B50A44084D91420DD011F813
:1021A000013B5840082340F30004013B2C4013F04E
:1021B000FF0384EA5000F6D1EFE730BD2083B8ED8D
:1021C0000121884238BF084605F054B908B105F02E
:1021D00055B9704710B5084C01220849002001F09C
:1021E000C1FE23783BB1064803F0E4FC044803F049
:1021F00017FD0023237010BDE0330020C4920008B7
:10220000C03600202DE9F041234C244E236DBBB98C
:1022100001224FF4004104F1500005F073FA236DE0
:102220001B686BB901224FF4805104F1500005F096
:1022300069FA236D1B681BB900203070BDE8F0817E
:1022400033780BB1FFF7C6FF0324154F4FF000089A
:10225000114D13492846C7F8048003F0D3FC2846E3
:1022600003F00CFB38B1013C284603F0D9FC14F014
:10227000FF04E1D0EDE70B4901220B4801F072FEAB
:10228000014618B1284603F095FCECE7074800F03A
:102290000FF80120D1E700BFC0360020E033002056
:1022A00034220020C4920008E4330020C8920008C1
:1022B0000FB4002004B07047006870470346006800
:1022C000596870470B0A017043700B0C090E83703C
:1022D000C1707047110A027003714170110C120E27
:1022E0008170C2701A0A42711A0C1B0E8271C3717E
:1022F00070470000C36A0239023B8B4283BF4389A7
:10230000006C01FB0300002070470000C2F30723AC
:102310008A76CB760378032B01BF120C0A75120A5A
:102320004A75704700F10B010022D30143EA5203C2
:1023300010F8012B52FA83F38842DAB2F5D1104635
:102340007047000010B54178044600200131024674
:102350004901022A16BFA35C032203EBC03302F13A
:1023600001021EBF9BB203EB500398B29142F0D81A
:1023700010BD000002684AB1134613F8011B1F2963
:102380000DD93A29F9D1911C8B4202D04FF0FF3080
:1023900070471278302AF9D1036000207047014B52
:1023A000187870473036002038B50D46044618B905
:1023B000092000232B6038BD0368002BF8D01A7861
:1023C000002AF5D08188DA889142F1D1587804F05A
:1023D000BFFB10F00100EBD12368EBE738B50D46E9
:1023E00040F25231144602F0B9F9FF2807D9012C06
:1023F0000BD9030A022468702B70204638BD30B117
:10240000002CFAD001242870F7E70024F5E70446F1
:10241000F3E700002DE9F8430026D0F800800546D8
:102420000C468E76836B002B4AD098F80030042B34
:102430004BD133463546402720E0B7F5187F80F072
:10244000C480F90606F1010608BF0237D05B0237E7
:102450002BB900F5205292B2B2F5006F0DD305F101
:102460001A01C5F1FF0240EA03402144FFF7B6FF1D
:10247000002800F0AA80054400200346D8F8102068
:1024800092F82310B142D8D8002B40F09E80002D46
:1024900000F09B8000232544AB766373D8F81020AE
:1024A000137903F03701DB0621730BD402F13800F6
:1024B000FFF704FFC4E9000193896381D389238175
:1024C000BDE8F88300200146F4E7C36C01335ED118
:1024D000EA6B00232E26551E184615F8011F013001
:1024E00020290CD0052908BFE521092804D10B2B90
:1024F0009EBFE71801337E73E718013379730B2809
:10250000EBD1E11800204873A17E00294BD1002BAC
:1025100040D06FF00C0604F10D000825361B33186F
:1025200010F8011B002938D02E298BB24AD0A3F114
:102530004101192903D8117B0D4200D020330373C8
:10254000EDE7B9F1000F05D100F520539BB2B3F5CB
:10255000006F0BD307F11A01C7F1FF0240EA0940EF
:102560002144FFF73BFF48B1074400200236814673
:10257000D8F80C30985B0028E3D13846B9F1000F49
:102580004FF0000218BF002023189A76A0E7B1464A
:102590003746EDE73F23A3760123234400219976B4
:1025A000137B03B96373D37A02F11C0003F03F037A
:1025B00023730023FFF780FE20606360D38A63816A
:1025C000138B7CE710250B46B9E73F230125A37643
:1025D00060E7000038B50546002435F8020B08B95D
:1025E000204638BD02F0EEF86308C2B203EBC433F4
:1025F00012FA83F39AB2C0F3072303EB520303EBFF
:10260000C2339CB2E9E7000037B5C37804461BB972
:102610000025284603B030BD00F14C01826C012337
:102620004078019104F0BAFA054680B9A36BE070D6
:10263000A06C226BC31A9342EAD2A3780199022BB1
:10264000E6D102440123607804F0A8FAE1E701250D
:10265000DFE7000038B5836C05460C468B4210D08E
:10266000FFF7D2FF60B92246012305F14C016878DB
:1026700004F070FA00281CBF4FF0FF340120AC6456
:1026800038BD0020FCE7000038B500230446C370C5
:102690004FF0FF338364FFF7DDFF00284BD1B4F820
:1026A0004A524AF655239D4207D10B22254904F18F
:1026B0004C0006F039FD00283FD094F84C30EB2B4D
:1026C00003D01833DBB2012B2ED84AF655239D4296
:1026D00006D108221C4904F19E0006F025FD48B3EE
:1026E000B4F85730B3F5007F1ED194F85930DBB100
:1026F0005A1E1A4218D1B4F85A30ABB194F85C3073
:10270000013B012B10D8B4F85D306BB1B4F85F30E9
:102710007F2B06D804F16C00FFF7CEFDB0F5803FAB
:1027200002D3B4F8623053B94AF6552085420CBF43
:102730000220032038BD0420FCE70120FAE7002036
:10274000F8E700BFF49200080093000802392DE971
:10275000F04701F007044FF0010A466C05460AFAFB
:1027600004F41746984606EB1136C1F3C809E4B2E3
:10277000314628460136FFF76DFF18B10120BDE84C
:10278000F087994605EB090292F84C30234214BFBA
:1027900001210021414513D06340013F82F84C30B4
:1027A00085F803A0EBD0640014F0FF04EAD109F12E
:1027B000010301244FF00009B3F5007FE1D1D7E711
:1027C0000220DCE701290246F8B50C4640F28C8075
:1027D0000668F36A8B4240F287803378013B032B13
:1027E00000F28280DFE803F00229384B04EB540545
:1027F000B16B304601EB5521FFF72CFF10B14FF0C4
:10280000FF30F8BD6F1CC5F30805B16B3046354489
:1028100001EB572195F84C50FFF71CFF0028EED133
:10282000C7F30807E3073E4496F84C0045EA00204A
:102830004CBF0009C0F30B00E3E7B16B304601EB7E
:102840001421FFF707FF0028D9D1640004F4FF74B6
:102850002644B6F84C00D4E7B16B304601EBD411F6
:10286000FFF7F8FE0028CAD1A40006F14C0004F4DA
:10287000FE742044FFF720FD20F07040C1E7D0E94E
:102880000430D57953EA000101D0916801B95DBBEC
:102890009168022DA4EB01010DD1013B728940F139
:1028A000FF305B0A43EAC053B3FBF2F399421BD8F3
:1028B0001CD0601CA5E7032D02D193698B42F8D888
:1028C000D3699BB9B16B304601EBD411FFF7C2FE5F
:1028D000002894D1A0004C3600F4FE703044FFF77D
:1028E000EBFC20F000408CE701208AE76FF000400D
:1028F00087E70000F8B5066804460D463378042BD8
:102900000CBF4FF080524FF400128A4201D80220CF
:10291000F8BDCA06FBD182680163D2B9022B13D875
:102920003389B3EB551FF2D9F36BA363A36B6263D7
:10293000002BECD003EB55234C36C5F308050020E3
:10294000A3633544E563E3E7F36BC271002BE7D083
:102950001A4677897F02BD42114604D23046FFF7FE
:10296000C9FCA063E2E72046FFF72CFF431C0246A8
:1029700006D00128CBD9F36A8342C8D9ED1BEAE718
:102980000120C5E701292DE9F04706460C46174608
:1029900008D9C36A8B4205D90378022B62D003D8C9
:1029A000012B22D0022552E0033B012BFAD8816B88
:1029B00001EBD411FFF74EFE0546002847D1A400D5
:1029C00006F14C0304F4FE741C443378042B07D046
:1029D000204627F07047FFF76FFC00F07040074378
:1029E00039462046FFF76EFC2FE001EB5108816B62
:1029F00001EB5821FFF72EFE054640BB14F0010401
:102A000006F14C0908F1010AC8F3080808BFFBB237
:102A100030461FBF19F8083003F00F023B0103F0E6
:102A2000F00318BF134309F808300123B16BF370AA
:102A300001EB5A21FFF70EFE054640B9CAF3080A1A
:102A400044B1C7F3071709F80A700123F370284649
:102A5000BDE8F08719F80A30C7F3032723F00F0306
:102A60001F43F0E7816B01EB1421FFF7F3FD0546EF
:102A70000028ECD1640006F14C0304F4FF741F55E8
:102A80001919C7F307274F70DFE70000F8B50446B0
:102A90000E461746E3690BB91846F8BD012BA6EBA5
:102AA0000305206814BFAA1C3A46691CFFF76AFF99
:102AB0000028F2D1E369013BE361EBE701292DE94D
:102AC000F84306460C461746056802D80220BDE8C2
:102AD000F883EB6A8B42F9D97AB9A1462146304690
:102AE000A046FFF76FFE0446B0B92B78042B02D145
:102AF000002F43D1F7710020E9E72B78042B02D196
:102B0000C379022BE9D04FF0FF3239462846FFF750
:102B100039FF0028E1D0DAE70128D7D0421C01D1E3
:102B20000120D4E72B78042B19D1EA6AAB69023A69
:102B300093421CD308F10102A2420CD02B78042B43
:102B400008D10023A2EB090249462846FFF7FEFD03
:102B50000028BCD1A146EB6AA342BFD8C5E700223A
:102B600041462846FFF70EFF0028DED0AFE70133CD
:102B7000AB612B7943F001032B71DBE7F3798BB960
:102B8000B468BC4202D10223F371B4E72146304657
:102B9000FFF718FE012899D9431CC1D001348442A3
:102BA000EFD0A8E7032BA6D1B368BB42A3D8B26984
:102BB0001344BB429FD3E6E770B5C3790446032BA9
:102BC00006D181688369CD18A94203D10023E3713E
:102BD000002070BD4E1C20683246FFF7D3FE00284F
:102BE000F7D13146F0E700002DE9F74305460191A2
:102BF000FFF70AFD0446002849D105F14C09019967
:102C000028464FF40072FFF775FB2146A86407467B
:102C10004846FFF7F5F96C896402B4F5004F28BF08
:102C20004FF40044B4F5007F2FD9204604F02AFC6D
:102C3000804630B122460021640A0026FFF7E0F901
:102C400009E06408EEE72346BA194146687803F0C4
:102C5000A5FF18B926446B899E42F4D3404604F080
:102C600021FC6889801B18BF012003B0BDE8F083F8
:102C700001366B899E42F4D20123BA19494668781D
:102C800003F08CFF0028F3D0EBE70026F1E70120EA
:102C9000EBE70000F8B50446FFF7B6FC0546002850
:102CA00042D12378032B37D12779012F34D104F176
:102CB0004C0601464FF400723046FFF7A1F9552348
:102CC0004122722184F84A32AA2304F50D7084F857
:102CD0004F2084F84B32522384F8301284F84C3061
:102CE00084F84D30612384F8311284F84E3084F832
:102CF0003332A16984F83222FFF7E4FA616904F5FE
:102D00000E70FFF7DFFA626B3B46314601326078A6
:102D1000A26403F043FF257100226078114603F09E
:102D200061FF003818BF0120F8BD000000232DE925
:102D3000F0430B6085B00F461546FFF71BFB061EE0
:102D4000C0F2B281804B53F82640002C00F0AE81D7
:102D50003C6005F0FE0523786BB1607803F0F8FE67
:102D6000C70708D41DB110F0040500D00A25284675
:102D700005B0BDE8F0830023F0B22370607003F06B
:102D8000D3FEC10700F194810DB14207EED40021BA
:102D90002046FFF779FC022840F099806E4604F245
:102DA000122304F25221324618461033FFF784FAF8
:102DB00042F8040B8B42F7D1002556F8041B00297A
:102DC0007DD02046FFF760FC012879D80128A26C4D
:102DD00040F0C08004F1570304F18C0113F8015B4B
:102DE000002D7BD18B42F9D1B4F8B430B3F5807F9C
:102DF00074D194F8B830092B70D104F19400FFF726
:102E00005DFA4FF0FF33171841F10001BB4275EB3B
:102E1000010363D304F1A000FFF74EFA94F8BA302F
:102E20002063012BA37059D194F8B99003FA09F9E2
:102E30001FFA89F36381002B50D0444B04F1A800A2
:102E4000FFF73AFA0646984248D8831C626304F1B9
:102E5000A400E362FFF730FA00EB020804F19C00E3
:102E6000C4F84080FFF728FA10441FFA89F2A063E3
:102E700006FB02F313EB080345EB05029F4271EBDF
:102E800002032BD32E4604F1AC00FFF715FAE063E2
:102E900065B96389B34221D9E16B2046FFF72AFA6D
:102EA00081192046FFF7D6FB98B90136631993F8CC
:102EB0004C30812B14D02035C5F30805E8E70320FA
:102EC0000135042D7FF479AF042807D101E00428EF
:102ED00001D101254BE701287FF678AF0D2546E7A4
:102EE00005F1140004F14C063044FFF7E5F9012820
:102EF0000546F3D9E36A8342F0D96189821E236CC7
:102F000002FB01336364A16B204601EBD511FFF78F
:102F1000A1FB0028DDD105F07F0006EB8000FFF764
:102F2000CBF9431C03D00135A842ECD0D6E70425E9
:102F3000C4E90500064A257000251388E5610133C0
:102F40009BB21380E38012E734360020FDFFFF7F41
:102F500038360020B4F85730B3F5007FBED1B4F84E
:102F6000626026B904F17000FFF7A6F9064694F8EE
:102F70005C302663591EA3700129AFD894F85950CC
:102F80006581002DAAD0691E2942A7D1B4F85D80C1
:102F900018F00F0FA4F80880A0D1B4F85F0018B99A
:102FA00004F16C00FFF788F9B4F85A10002995D0A5
:102FB00006FB03FE01EB181CF44460458ED3A0EB26
:102FC0000C00A842B0FBF5F388D33E48834285D875
:102FD0004FF6F57083426DD903259F1C114402EB17
:102FE0000C03032DE7626263A16323644CD1B4F840
:102FF000763053EA08037FF471AFBB0004F1780028
:10300000FFF75AF9E06303F2FF13B6EB532FFFF417
:1030100065AF4FF0FF33032DC4E905334FF0800354
:10302000237187D1B4F87C30012B83D1511C204609
:10303000FFF710FB00287FF47DAFB4F84A224AF670
:10304000552320719A427FF475AF1F4B04F14C0059
:10305000FFF732F998427FF46DAF03F1FF5304F5A7
:103060000C70FFF729F903F50053203398427FF4E1
:1030700061AF04F50D70FFF71FF9A06104F50E7044
:10308000FFF71AF9606155E7B8F1000F3FF426AF7A
:103090007144022D4FEA4703E1631EBFD91907F0BF
:1030A000010303EB5103AEE70B2560E60C255EE65A
:1030B00003255CE640F6F575AB428CBF0225012581
:1030C0008BE700BFF5FFFF0F525261412DE9F84F2A
:1030D00007460568884649B96E69C6B1EB6AB342CE
:1030E00098BF0126AB69A3B9002405E0FFF76AFB8E
:1030F0000128044603D801242046BDE8F88F421C6D
:1031000000F0D280EB6A8342F6D84646EAE7012611
:10311000E8E72A78EB6A042A40F08380A6F1020AE5
:10312000023B4FF0010B9A4528BF4FF0000AD146F1
:10313000696C284601EB1931FFF78CFA00283BD166
:1031400009F00703EA6AC9F3C8010BFA03F3901EFA
:10315000DBB26A184C4609F1010992F84C2081450E
:1031600002EA030233BF5B0000234FF40071DBB2BD
:1031700028BF9946B2B90234631E0333BCD8012379
:10318000214628461A46FFF7E1FA0228B3D0012863
:1031900000F08A80B8F1000F13D10223FB710028E0
:1031A000A9D130E0CA450AD0002BD2D10131B1F506
:1031B000007FBDD20123CCE74FF0FF34DCE70024D1
:1031C000DAE7FB79022B07D1731CA342E7D0BB6877
:1031D000F31ABB610323FB7108F10102FB69A242F0
:1031E00005D113B10133FB61D9E70223FBE70BB92A
:1031F0000123FB61224641463846FFF747FC002881
:103200004FD10123FB61EA6AAB69023A6C619342D8
:103210009CBF03F1FF33AB612B7943F001032B71AA
:103220006AE7464514D1741C3846A34298BF02246D
:103230002146FFF7C7FA01283FF45DAF431C33D0A6
:10324000E0B16B69012B03D9EA6A934238BF1E468D
:1032500034460134EB6AA34203D8012E7FF644AF13
:10326000022421463846FFF7ADFA48B101283FF461
:1032700042AF013018D0B442EBD135E7002CE7D093
:103280004FF0FF3221462846FFF77CFB48B9B8F1E2
:10329000000FB8D0224641462846FFF773FB0028AE
:1032A000B1D001287FF427AF4FF0FF3424E70000AE
:1032B0002DE9F84306680446076B894633782037C2
:1032C000042B0CBF4FF080534FF40013BB429CBF44
:1032D00000238363836B73B1C7F30808B8F1000F51
:1032E0003CD10133416B836339B93389B3EB571F49
:1032F00034D80023A36304200AE07389013B13EA56
:1033000057232BD1FFF75EFA0128054602D8022089
:10331000BDE8F883421C01D10120F9E7F36A83423A
:1033200016D8B9F1000FE4D0616B2046FFF7CEFE4E
:103330000546C8B10128EAD0431CEDD0014630460D
:10334000FFF752FC0028E7D1E37943F00403E3716F
:10335000294630466563FEF7CDFFA0634C3600205A
:1033600027634644E663D3E70720D1E7F8B50E4666
:10337000002104460768FFF7BDFA98B90546A16B1E
:103380003846FFF767F968B93A78E36B042A1B7887
:103390000CD11B060ED5054601212046FFF788FFFC
:1033A0000028ECD0042808BF072006E0E52B01D058
:1033B000002BF0D10135B542EED1F8BDC16C4B1CEC
:1033C0002DE9F04104460568066B1FD1E5274FF053
:1033D0000108A16B2846FFF73DF998B92A78E36BFD
:1033E000042A09BF1A781F7002F07F021A7085F84C
:1033F0000380236BB3420DD200212046FFF758FF14
:103400000028E6D0042808BF022003E0FFF772FA84
:103410000028DBD0BDE8F0812DE9F04105460068C9
:10342000A96B0669FFF716F9044620B9EB6B1A7809
:10343000852A03D002242046BDE8F081324603F1FC
:10344000200153F8040B8B4242F8040BF9D1777832
:1034500001377F01A7F16003B3F5007FEAD80021AF
:103460002846FFF725FF04280446E3D00028E2D1D0
:10347000A96B2868FFF7EEF804460028DBD1EB6B58
:103480001A78C02AD6D106F1200203F1200153F8A0
:10349000040B8B4242F8040BF9D196F823300F222B
:1034A0002C33B3FBF2F3B7EB431FC3D34FF0400809
:1034B00000212846FFF7FCFE04280446BAD0002865
:1034C000B9D1A96B2868FFF7C5F804460028B2D126
:1034D000EB6B1A78C12AADD1B8F5187F09D206EB8B
:1034E000080203F1200153F8040B8B4242F8040B4D
:1034F000F9D108F120084745DAD8B8F5187F9AD8ED
:103500003046FEF71FFF7388834294D092E7000095
:103510000B68002210B5036004460B6A83604B6A97
:10352000C261C37123F0FF03896AC0E90432C16438
:10353000FFF7E0F920B92046BDE81040FFF76CBF67
:1035400010BD0000F8B50368054601271C69204638
:10355000FEF7F8FEA070000A6678E0702846E96C75
:10356000FFF7C8F920B1022828BF0220C0B2F8BD79
:10357000A96B2868FFF76EF80028F4D1EB6B04F113
:10358000200254F8041B944243F8041BF9D12B6821
:10359000DF70002EE7D000212846013EFFF788FEAD
:1035A000E0E700002DE9F8434FF0FF080646076802
:1035B000042445464FF6FF79B16B11B9002C73D046
:1035C00063E03846FFF746F8044600285DD1F06B0B
:1035D0000378002B6ED03A78042A11D1852B4DD177
:1035E000336B3046F364FFF717FF044600284CD1D5
:1035F0003B691B7903F03F03B3712046BDE8F883B4
:10360000C27AE52B02F03F02B27143D02E2B41D09B
:1036100022F0200108293DD00F2A40D1590637D584
:1036200003F0BF05336B90F80D80F364437B434593
:1036300030D1428B72BB03780D21FC6823F040032C
:10364000DFF874E0013B4B4301211EF801CB30F859
:103650000CC009B3FF2B1DD824F813C061460133F9
:1036600001320D2AF1D10278520605D521B1FF2B86
:1036700010D8002224F81320013DEDB2002130467D
:10368000FFF716FE0446002896D00023B363B4E784
:10369000AB42CBD0FF25F1E7CC45E1D0FAE72DB91D
:1036A000FEF740FE404501D10024A6E74FF0FF336E
:1036B000F364A2E70424E8E79C9300082DE9F04FA7
:1036C000002187B00446D0F80090FFF713F9804638
:1036D00070B999F80030042B33D1D9F80C00FEF7FB
:1036E00079FF07462046FFF75DFF054620B180467B
:1036F000404607B0BDE8F08FD9F810309A8CBA4236
:10370000F0D193F823B040265D4506D1D9F80C30AE
:1037100033F81530002BE5D1EAE7F106D9F810307F
:1037200008BF0236985B01F04DF8D9F80C3082469C
:1037300033F8150001F046F88245D3D10236013541
:10374000E2E74FF0FF0A4FF0FF3B5546C4F84CB09C
:10375000A16B4846FEF77EFF00285CD1E66B377808
:10376000002F77D0F27AE52F02F03F03A37103D048
:10377000120704D50F2B04D0C4F84CB04FE00F2B28
:1037800054D194F84B3058063FD4790645D5236B75
:1037900007F0BF0796F80DA0E364737B53453ED155
:1037A000738B002B3BD135780121D9F80C3005F013
:1037B0003F0501930D23013D5D43284B13F8012B79
:1037C000B25A71B3FF2D059329D81046049200F028
:1037D000F9FF6B1C03900293019B33F8150000F076
:1037E000F1FF039981421AD1049A029D1146059B6B
:1037F0001B4A9342E2D133785A0604D519B1019B92
:1038000033F815305BB97D1EEDB200212046FFF77D
:103810004FFD00289CD080466AE7BD42BDD0FF2501
:10382000F3E74FF6FF708242E2D0F8E72DB9304659
:10383000FEF778FD50453FF45BAF94F84B30DB0763
:103840009AD40B2204F14001304605F06DFC0028AB
:1038500092D14DE74FF004084AE700BF9C9300085F
:10386000A99300082DE9F04F90F84BB099B00446A9
:103870001BF0A00540F068810668F26832F8153048
:10388000002B4AD13378042B40F087800F230E356C
:103890002046B5FBF3F5A91CFFF768FD814600281B
:1038A00077D1236B0135A3EB4515E3795A07E5641E
:1038B00035D523F004032046E371FFF77DF950BBB3
:1038C0004FF0FF32616B2046FFF7E0F818BBA368AA
:1038D0002BB3214604A8FFF71BFEE0B970894FF413
:1038E0000071D4E90423E0FB01233069C4E9042317
:1038F0003830FEF7EFFC3069D4E904232830FEF7B6
:10390000E9FCE379326904A843F0010382F821302D
:10391000FFF718FE18B181463BE00135AEE7D6E966
:103920000354402200212046FEF76AFB8523012133
:1039300040222370C0234FF0C10C04EB010884F82F
:10394000203000231E469E46571C04F802C0F0B2E9
:10395000023204F807E021B135F8131009B1013340
:10396000DBB20F0AA15408F802700232D706F2D176
:1039700035F813700136002FE6D184F82330831C0C
:1039800028466370FEF726FE84F82400000A84F8B7
:103990002500484619B0BDE8F08F04F140070DF14D
:1039A000100A1BF0010F97E807008AE8070000F0F3
:1039B000D38040234FF0010884F84B30BC46F368B5
:1039C000B8F1050F9AE80700ACE803002CF8022BC9
:1039D0004FEA12428CF8002059D9981E424630F81E
:1039E000021F002942D10DF10F0C072102F00F0E2A
:1039F000914612090EF13000392888BF0EF13700C8
:103A000001390CF8010902D0B9F10F0FEED818AB4B
:103A10007E205A1802F8580C38460022914206D0EF
:103A200010F801CB02F1010EBCF1200F31D104F1ED
:103A30003F0C072902F1010297BF18AB202058184C
:103A4000013198BF10F8580C072A0CF80200F0D981
:103A50002046FFF733FE8146002878D108F101089F
:103A6000B8F1640FAAD14FF0070992E74FF0100C9C
:103A700001F0010E49080EEB4202D30344BF82F469
:103A8000883282F02102BCF1010CF1D1A7E7424655
:103A9000A9E77246C2E7216B2046A1EB4511FEF76C
:103AA00029FF814600287FF474AF4FF6FF7838462F
:103AB000FEF738FC0190A16B3046FEF7CBFD814646
:103AC00000287FF466AFE36BE9B2019A4FF00D0C6A
:103AD000D6F80CE05A734FF00F02DFF8E0A0DA726C
:103AE0004A1E18730CFB02F284469876D87640453D
:103AF0001AF8019B0CF1010C18BF3EF8120003EB01
:103B0000090B18BF013203F809004FEA10290028F9
:103B100008BF4046BCF10D0F8BF80190E7D140453E
:103B200002D03EF812200AB941F040011970012379
:103B300000212046F370FFF7BBFB814600287FF48D
:103B400028AF013DB7D11BE04FF0060921E704285B
:103B50007FF41FAF84F84BB01BF0020F20461BBF51
:103B60000C350D210125B5FBF1F518BF01352946AE
:103B7000FFF7FCFB814600287FF40BAF013D8AD1A3
:103B8000A16B3046FEF766FD814600287FF401AF49
:103B900001462022E06BFEF733FAE36B03CF186097
:103BA0005960BA7839889A72198194F84B30E26B6F
:103BB00003F0180313730123F370EAE69C930008E3
:103BC00010B504460A463430FEF776FB886004F1EF
:103BD0003800FEF773FBC2E9040194F8213003F0CA
:103BE0000203D3710023D36110BD000003284B8B67
:103BF00004BF8A8A43EA0243184670472DE9F04F12
:103C00000B7899B0044689462F2BD0F800B001D02C
:103C10005C2B09D14A461378914601322F2BFAD0FA
:103C20005C2BF8D0002301E0DBF81C30A3600023FC
:103C3000E3619BF80030042B1ED1A368E3B1DBF8ED
:103C40002030214604A82362DBF824306362DBF8CD
:103C50002830A362FFF75CFC0346002854D1DBF850
:103C6000102002F13800FEF727FBC4E9040392F8A4
:103C7000213003F00203E37199F800301F2B00F2AA
:103C8000358180230021204684F84B3019B0BDE8EF
:103C9000F04FFEF72FBE49460B78894601312F2B96
:103CA000FAD05C2BF8D01F2B8CBF00250425012FE8
:103CB0002FD113882E2B31D1002322F8173004F195
:103CC00040029F428CBF2E21202101330B2B02F892
:103CD000011BF6D145F02005204684F84B50FFF734
:103CE000EDFC94F84B30002800F0E78004280BD15D
:103CF000990603F0040240F1DC80002A00F0F6800F
:103D00008023002084F84B3019B0BDE8F08F0425E3
:103D1000CDE7022F02D153882E2BCAD0911E87BB2C
:103D2000002322F81730002F00F0118132F8130021
:103D3000194601332028F9D009B92E2801D145F0C0
:103D40000305901E30F817302E2B01D0013FF9D11A
:103D50004FF020334FF0000A6364D0462364C4F868
:103D600047300823481C32F811600090F6B1202E2D
:103D700003D02E2E0DD1B84210D045F00305009986
:103D8000F0E731F81730202B01D02E2BC8D1013F9E
:103D9000C5E79A4505D20099B9423BD10B2B30D1EA
:103DA00001E00B2B27D145F003050B2394F84020AD
:103DB000E52A04BF052284F84020082B04BF4FEAFF
:103DC00088085FFA88F808F00C030C2B03D008F081
:103DD0000303032B01D145F00205A8073FF57CAF93
:103DE00018F0010F18BF45F0100518F0040F18BFA8
:103DF00045F0080570E70099B94202D045F0030587
:103E0000D4D84FEA88080B234FF0080A00975FFACE
:103E100088F8B4E77F2E15D9304640F25231CDE90B
:103E2000022345F00203019300F098FC10F0800F8C
:103E30000646DDE9022316D000F07F0646498E5D76
:103E4000019D46B331464548CDE9012305F096F979
:103E5000DDE90123F8B9A6F1410189B219291ED87B
:103E600048F0020810E0FF28EAD9591E8A4503D31A
:103E700045F003059A4682E704EB0A01000A0AF1BD
:103E8000010A019D81F8400004EB0A010AF1010AD0
:103E900081F8406073E745F003055F26F4E7A6F17B
:103EA000610189B219299EBF203E48F00108B6B2CF
:103EB000EAE7002A08BF052026E75A073FF524AFA6
:103EC000A379DB0645D59BF80000042835D1A3680B
:103ED0002146E27923622369DBF8100023F0FF0317
:103EE00013436362E36CA362FFF76AFE2368002753
:103EF000DA6819F8010B00283FF409AF40F252319B
:103F0000009200F04BFC054608B31F28009A7FF68C
:103F1000FEAE2F283FF4BFAE5C283FF4BCAE7F2836
:103F200005D801460E4805F029F9009A78B9FF2F07
:103F30000DD022F817500137DBE7216B0BF14C0352
:103F4000C1F308011944FFF751FEA060CEE7062037
:103F5000DAE60520D8E600BF1C9300081593000898
:103F60000C9300081FB5CDE9001003A81446039177
:103F7000FEF700FA002815DB0B4A52F820300BB18F
:103F800000211970019B0BB10021197042F82030FB
:103F90002CB1002201A96846FEF7C8FE044620465F
:103FA00004B010BD0B24FAE7343600202DE9F047A9
:103FB00098B0904605460191002800F0528102F029
:103FC0003F0603A901A83246FEF7B0FE002840F0E4
:103FD0004681039B4FF48C60049303F053FA074629
:103FE000002800F04081039B00F500720199D86021
:103FF00004A81A61FFF702FE044620B99DF95B3060
:10400000002BB8BF062418F01C0F00F0CD80002C48
:104010004CD0042C40D104A8FFF724FC044600280F
:104020003AD146F00806039B1A78042A40F08380B0
:10403000186929462B60FFF7C3FD039B1E22002150
:1040400018690230FDF7DCFF039C00211A22206969
:104050002630FDF7D5FF236920221A71246903F069
:104060004BFA0146012208342046FEF72BF9039B48
:1040700004A81B6983F82120FFF764FA044658B9A5
:10408000A96801B302462846FEF718FDAB68039AFB
:104090000446013B5361B4B1384603F003FA0CB156
:1040A00000232B60204618B0BDE8F0879DF816303D
:1040B00013F0110F40F0848018F0040F40F0C98015
:1040C00018F0080FAFD1039A31071399936C48BFCA
:1040D00046F04006E964AB641078042872D1069B70
:1040E0009DF817102B62089B106923F0FF030B4308
:1040F00029466B62179BAB62FFF762FDDDF80CA0EF
:104100000024002205F15008BAF806302146404646
:10411000C5F800A0AB80002385F8306085F83140F9
:104120006C64C5E90E234FF40072FDF769FFB20617
:1041300053D40024B0E703F0DFF901460090139850
:104140000E30FEF7BFF8139800991630FEF7BAF854
:10415000039C13992078FFF749FD20230022804615
:10416000CB7220461399FEF7D1F8139B0022012150
:104170001A775A779A77DA77039BD970B8F1000FDC
:10418000A1D0414604A8D3F84890FEF797FC044616
:10419000002881D149460398FEF75CFA039B044648
:1041A00008F1FF30586176E7002C7FF475AF9DF879
:1041B0001630DC064FD418F0020F84D0D80782D511
:1041C000072469E7FFF712FD0023A86001F11C0036
:1041D000FEF772F86B61286190E7D5E9046956EA49
:1041E0000903A6D0BAF80AA0A9684FEA4A2AC5E985
:1041F0000E69B24574EB09031BD300242964002C1B
:104200007FF44AAFC6F30803002B92D0039C2046EC
:10421000FEF770F808B3760A0123414646EAC9560C
:1042200082196A64607802F095FC041E18BF0124AC
:1042300032E72846FEF7C6FAB6EB0A06014669F1F0
:104240000009012803D9431CD3D10124D6E7022455
:10425000D4E7082420E704241EE702241CE70446D0
:104260001EE709241EE711241CE700002DE9F04F8A
:10427000994685B00023884603A90446C9F8003052
:104280001646FEF791F8054680BB94F831506DBB99
:1042900094F8303013F00103009300F0A68004F18D
:1042A000500AD4E90432D4E90E011B1A62EB010270
:1042B000B34272F1000238BF1E46BEB1D4E90E10FF
:1042C000C1F30803002B40F08280039B5A894B0AFC
:1042D000013A43EAC0531A401BD151EA000309D105
:1042E000A06801280DD8022584F83150284605B071
:1042F000BDE8F08F216C20460192FEF763FA019A27
:10430000EFE7431C04D10123009D84F83130EDE731
:104310002064DDF80CB0216C5846FDF7EBFF002857
:10432000E1D0B6F5007F02EB000731D3BBF80A10ED
:1043300002EB5620730A88429BF8010088BF8B1A53
:104340003A464146019302F005FC0028DBD194F97E
:104350003020019B002A0BDA606CC01B984207D208
:104360004FF40072514608EB4020FDF723FE019BFD
:104370005F02D9F80030F61BB8443B44C9F800305E
:10438000D4E90E32DB1942F10002C4E90E3294E79F
:10439000626CBA421AD094F93030002B0DDA012346
:1043A00051469BF8010002F0F9FB0028ABD194F8CC
:1043B000303003F07F0384F83030039801233A460D
:1043C0005146407802F0C6FB00289CD16764A16B7F
:1043D0004046C1F30801C1F500775144B74228BFF8
:1043E00037463A46FDF7E6FDC3E707257EE70000BE
:1043F00070B596B00E460022019002A901A8FEF702
:1044000095FC0446E0B94FF48C6003F03BF8054698
:10441000D8B1029B00F500720199D86002A81A6118
:10442000FFF7ECFB044640B99DF95330002B0ADB43
:104430001EB1314602A8FDF7EDFF284603F032F821
:10444000204616B070BD0624F7E71124F8E70000F7
:1044500070B5B8B00222019003A901A8FEF766FC6E
:10446000044608BB039B4FF48C60109303F00AF8DA
:104470000546002866D0039B00F500720199D860BC
:1044800010A81A61FFF7BAFB044650B99DF88B30AB
:10449000980655D4190653D49DF84630DA0706D548
:1044A0000724284602F0FEFF204638B070BD039B6B
:1044B00004931878042814D104A91869FFF780FB25
:1044C000069E9DF84630DB0610D410A8FEF776FF56
:1044D00004460028E5D156BB0398FEF7DBFB0446F3
:1044E000DFE71F99FFF782FB0646EAE7039BDA69DD
:1044F000B242D5D024930021269624A81B78042B01
:1045000001BFDDE90823CDE928239DF817308DF898
:104510009730FEF7EFF904460028C2D124A8FFF730
:1045200041F804460028BBD00428BAD1CDE70246A2
:10453000314604A8FEF7C2FA04460028B1D1CBE701
:104540000624AEE71124AFE7F0B5BDB0CDE9001009
:104550006846FDF70FFF022203A901A8FEF7E6FB5C
:104560000446002841D1039B4FF48C60149302F061
:1045700089FF0546002800F0EE80039B00F50072DD
:1045800014AE0199D8601A613046FFF737FB044634
:1045900040BB9DF89B3013F0A00F40F0D880039BE8
:1045A000009F1A78042A68D11B6904AC03F1400CFF
:1045B0001868083353F8041C2246634503C21446A6
:1045C000F6D15022314628A8FDF7F4FC394628A838
:1045D000FFF714FB044600284CD12A9A169B9A42F6
:1045E00006D00824284602F05DFF20463DB0F0BD0D
:1045F000349A209B9A42F4D128A8FFF733F9044655
:104600000028EFD1039B04AF1B6993F801E093F8F6
:1046100023C09C8C3A46083303CAB24243F8080CC4
:1046200043F8041C1746F5D1039B28A81B6983F89F
:1046300001E0039B1A6982F823C01A6982F82440BA
:10464000240A82F825401A691379D9065CBF43F021
:1046500020031371FEF776FF04460028C2D13046CE
:10466000FEF7ACFE04460028BCD10398FEF712FB0F
:104670000446B7E70428B5D1BEE7239A04AB02F19C
:10468000200C1068083252F8041C1C46624503C412
:104690002346F6D15022314628A8FDF78BFC394637
:1046A00028A8FFF7ABFA044600284CD12A9A169B9B
:1046B0009A4296D1349A209B9A4292D128A8FFF729
:1046C000D1F8044600288DD137990DF11D030DF165
:1046D0002D0001F10D0253F8044B834242F8044BC4
:1046E000F9D11888012710809B7893709DF81B30B2
:1046F000039CDA0658BF43F02003CB72E770CB7AF5
:10470000DB06ACD5169A2A9B9A42A8D02078FFF7F0
:104710006DFA01462046FDF7EDFD0146C8B1204681
:10472000FDF798FF044600287FF45CAF039890F8EB
:104730006D302E2B93D12A9A00F16C01FDF7E6FD26
:10474000039BDF708BE704287FF44CAFB6E70624A9
:1047500048E7022446E7112447E700007F2810B508
:1047600001D880B210BDB0F5803F13D240F2523371
:1047700099420FD10849002231F8024B93B284428A
:1047800003D103F18000C0B2ECE70132802AF3D1FB
:104790001346F6E70020E5E75C9600087F280DD970
:1047A00040F25233994208D1FF2806D800F1004068
:1047B000034B803833F8100070470020704700BF6B
:1047C0005C960008B0F5803FF0B522D21F4A83B254
:1047D0001F49B0F5805F28BF0A46141D34F8042C29
:1047E0002146AAB1934213D334F8025C2E0AEFB2E9
:1047F00052FA85F5A84222DA082E09D8DFE806F039
:10480000050A10121416181A1C00801A34F81030F9
:104810001846F0BD981A00F001001B1A9BB2F7E78A
:10482000103BFBE7203BF9E7303BF7E71A3BF5E7A6
:104830000833F3E7503BF1E7A3F5E353EEE7043425
:10484000002ECBD101EB4702C7E700BFAC930008B5
:10485000A095000808B5074B074A196801F03D010B
:10486000996053680BB190689847BDE8084003F021
:1048700053B800BF000002403C36002008B5084B8A
:104880001968890901F03D018A019A60054AD368D7
:104890000BB110699847BDE8084003F03DB800BF70
:1048A000000002403C36002008B5084B1968090C8E
:1048B00001F03D010A049A60054A53690BB1906901
:1048C0009847BDE8084003F027B800BF0000024049
:1048D0003C36002008B5084B1968890D01F03D01F0
:1048E0008A059A60054AD3690BB1106A9847BDE8FA
:1048F000084003F011B800BF000002403C36002021
:1049000008B5074B074A596801F03D01D960536A61
:104910000BB1906A9847BDE8084002F0FDBF00BFA8
:10492000000002403C36002008B5084B5968890950
:1049300001F03D018A01DA60054AD36A0BB1106BC0
:104940009847BDE8084002F0E7BF00BF0000024002
:104950003C36002008B5084B5968090C01F03D01B0
:104960000A04DA60054A536B0BB1906B9847BDE8B7
:10497000084002F0D1BF00BF000002403C360020DA
:1049800008B5084B5968890D01F03D018A05DA60C8
:10499000054AD36B0BB1106C9847BDE8084002F094
:1049A000BBBF00BF000002403C36002008B5074BEB
:1049B000074A196801F03D019960536C0BB1906C86
:1049C0009847BDE8084002F0A7BF00BF00040240BE
:1049D0003C36002008B5084B1968890901F03D01F3
:1049E0008A019A60054AD36C0BB1106D9847BDE8F7
:1049F000084002F091BF00BF000402403C36002096
:104A000008B5084B1968090C01F03D010A049A60C9
:104A1000054A536D0BB1906D9847BDE8084002F010
:104A20007BBF00BF000402403C36002008B5084BA5
:104A30001968890D01F03D018A059A60054AD36D18
:104A40000BB1106E9847BDE8084002F065BF00BF8B
:104A5000000402403C36002008B5074B074A59685D
:104A600001F03D01D960536E0BB1906E9847BDE8DF
:104A7000084002F051BF00BF000402403C36002055
:104A800008B5084B5968890901F03D018A01DA60CF
:104A9000054AD36E0BB1106F9847BDE8084002F08D
:104AA0003BBF00BF000402403C36002008B5084B65
:104AB0005968090C01F03D010A04DA60054A536F98
:104AC0000BB1906F9847BDE8084002F025BF00BFCA
:104AD000000402403C36002008B5084B5968890D97
:104AE00001F03D018A05DA60054AD36F13B1D2F8AF
:104AF00080009847BDE8084002F00EBF0004024065
:104B00003C36002000230C4910B51A460B4C0B60B4
:104B100054F82300026001EB430004334260402B51
:104B2000F6D1074A4FF0FF339360D360C2F80834E0
:104B3000C2F80C3410BD00BF3C3600205C97000862
:104B4000000002400F28F8B510D9102810D0112805
:104B500011D0122808D10F240720DFF8C8E0012661
:104B6000DEF80050A04208D9002653E00446F4E7DE
:104B70000F240020F1E70724FBE706FA00F73D4287
:104B80004AD1264C4FEA001C3D4304EB00160EEBC5
:104B9000C000CEF80050C0E90123FBB273B1204839
:104BA000D0F8D83043F00103C0F8D830D0F8003145
:104BB00043F00103C0F80031D0F8003117F47F4F03
:104BC0000ED01748D0F8D83043F00203C0F8D830E0
:104BD000D0F8003143F00203C0F80031D0F80031C2
:104BE00054F80C00036823F01F030360056815F0F8
:104BF0000105FBD104EB0C033D2493F80CC05F6866
:104C000004FA0CF43C6021240560446112B1987BE5
:104C100000F06AFC3046F8BD0130A3E75C9700085D
:104C2000004402583C36002010B5302484F311882B
:104C3000FFF788FF002383F3118810BD10B50446E9
:104C4000807B00F067FC01231549627B03FA02F2C6
:104C50000B6823EA0203DAB20B6072B9114AD2F888
:104C6000D81021F00101C2F8D810D2F8001121F0BB
:104C70000101C2F80011D2F8002113F47F4F0ED1C8
:104C8000084BD3F8D82022F00202C3F8D820D3F87A
:104C9000002122F00202C3F80021D3F8003110BD38
:104CA0003C3600200044025808B5302383F31188B5
:104CB000FFF7C4FF002383F3118808BD836CC26A29
:104CC0008B42506810B506D95A1E4C0002EB4103C6
:104CD000B3FBF4F3184410BD01F001038A0748BF89
:104CE00043F002034A0748BF43F008030A0748BFDE
:104CF00043F00403CA0648BF43F010038A06426B20
:104D000048BF43F0200313434363704710B5074C7B
:104D1000204600F06BFF064B0022C4E91023054B30
:104D2000A364054BE363054BE36410BDC03600206C
:104D30000070005200B4C40414370020143900205D
:104D4000C36A0BB9104BC3620379012B11D10F4B0E
:104D500098420ED10E4BD3F8D42042F48032C3F8DF
:104D6000D420D3F8FC2042F48032C3F8FC20D3F8DE
:104D7000FC30436C00221A65DA621A605A605A628B
:104D80004FF0FF329A6370475C980008C0360020ED
:104D9000004402580379012B24D0436C00221A6589
:104DA000DA621A605A605A624FF0FF329A630E4B11
:104DB000984217D10D4BDA6F42F48032DA67DA6F1E
:104DC00022F48032DA67DA6FD3F8D42022F480320A
:104DD000C3F8D420D3F8FC2022F48032C3F8FC209E
:104DE000D3F8FC30704700BFC036002000440258A2
:104DF00010B5446C0649FFF761FF6060236842F21A
:104E0000107043F003032360BDE8104001F004BDBF
:104E1000801A06000129F8B5466C0B4F09D1756858
:104E20000A493D40FFF74AFF054345F48055756048
:104E3000F8BD746806493C40FFF740FF044344F462
:104E400080547460F4E700BF00ECFFFF80F0FA02CA
:104E500040787D01436C00225A601A607047000060
:104E6000426C0129536823F4404304D0022905D041
:104E700001B95360704743F48043FAE743F40043B9
:104E8000F7E70000436C41F480519A60D9605A6B97
:104E90001206FCD580229A637047000010B541F4D9
:104EA0008851446CA260E160616B11F04502FBD057
:104EB000A26311F0040203D0FFF70EFF012010BD22
:104EC000616910461960FAE710B541F48851446CE5
:104ED000A260E160616B11F04502FBD0A26311F0AA
:104EE000050203D0FFF7F8FE012010BD61691046EE
:104EF0001960FAE773B5134604460E46302282F372
:104F00001188426CD26B32B14FF0FF3140300193C7
:104F100001F08EFC019B606C00220265C263C262DC
:104F2000456B15F4807504D185F31188012002B01A
:104F300070BD4FF0FF31816382F31188012E06D9D5
:104F40000C21204602B0BDE87040FFF7BDBF1046FF
:104F5000EDE7000073B5446C0E4600250192616BCD
:104F6000A1632565E562FFF7B7FE012E07D9019B16
:104F70002A460C2102B0BDE87040FFF7A5BF02B081
:104F800070BD000010B541F49851446CA260E1601E
:104F9000616B11F04502FBD0A26311F03F0203D018
:104FA000FFF79AFE012010BD216A10461960E169E1
:104FB0005960A16999606169D960F4E72DE9F74307
:104FC00004460191006D01A91746984602F0B2FB14
:104FD000064600284AD0626C2046DDF804905568E9
:104FE000C5F3090501356B00A56CB5FBF3F54FF46E
:104FF0007A73B5FBF3F55D43556200F0BDFD50BB20
:10500000636C4FF0FF3201254146C3F858902046AB
:105010001D659A634FF49572DA6342F207029F624C
:10502000DA62E36C0A9AFFF74FFFA0B9E26C104B0B
:1050300011680B407BB929462046FFF75BFF054608
:1050400048B92E463A460199206D02F0ABFB304636
:1050500003B0BDE8F083E26C20460121FFF77AFF40
:105060003A460199206D02F09DFBF0E70126EEE73C
:1050700008E0FFFD2DE9F7431F46436C01924FF412
:105080007A725D6804468846C5F3090501356E00ED
:10509000856CB5FBF6F5B5FBF2F555435D6200F0A6
:1050A0006BFD20B10125284603B0BDE8F0837E02E8
:1050B00001A9206D324602F03DFB05460028F1D0E3
:1050C000636C019AD4F84C909A6501221A654FF0EE
:1050D000FF329A634FF49572DA639E62236BDB06AC
:1050E0004B4658BF4FEA4828012F42461BD9122190
:1050F0002046FFF7E9FEC0B9D9F80020104B134055
:105100009BB9636C42F2930239462046DA62E26C44
:10511000FFF7F0FE804640B932460199206D4546C2
:1051200002F040FBBFE71121E2E7E26C394620467E
:10513000FFF710FF32460199206D02F033FBB2E712
:1051400008E0FFFD2DE9F3411F46436C01924FF447
:105150007A725D6804468846C5F3090501356E001C
:10516000856CB5FBF6F5B5FBF2F555435D6200F0D5
:1051700003FD20B10125284602B0BDE8F0817E0282
:1051800001A9206D324602F025FB05460028F1D02A
:10519000636C019A9A6501221A654FF0FF329A6397
:1051A0004FF48D72DA639E62236BE66CDB06334646
:1051B00058BF4FEA4828012F424619D919212046E5
:1051C000FFF782FEB0B932680F4B134093B9636C9E
:1051D00042F2910239462046DA62E26CFFF78AFE1B
:1051E000064638B901993546206D02F02FFBC2E71B
:1051F0001821E4E739462046E26CFFF7ABFE01993F
:10520000206D02F023FBB6E708E0FFFD12F0030F6C
:105210002DE9F04107460C4615461E4617D00E44B0
:10522000B44202D10020BDE8F0810123FA6B21468F
:105230003846FFF71FFF0028F5D128464FF40072CB
:10524000F96B05F500750134FCF7B4FEE8E7BDE83D
:10525000F041FFF70FBF000012F0030F2DE9F041FE
:1052600007460C4615461E4617D00E44B44202D1DE
:105270000020BDE8F08129464FF40072F86B05F577
:105280000075FCF797FE0123FA6B21463846FFF7BD
:1052900059FF0028EDD10134E8E7BDE8F041FFF700
:1052A00051BF000000207047302310B583F31188F0
:1052B0000024436C40302146DC6301F0C7FA84F3DC
:1052C000118810BD026843681143016003B118479B
:1052D00070470000024A136843F0C0031360704730
:1052E0000078004013B50E4C204600F0DFFC04F1BE
:1052F000140000234FF400720A49009400F07AF978
:10530000094B4FF40072094904F13800009400F091
:10531000F3F9074A074BC4E9172302B010BD00BFD9
:105320001839002084390020D5520008843B002021
:105330000078004000E1F505037C30B5244C0029DD
:1053400018BF0C46012B11D1224B98420ED1224B93
:10535000D3F8E82042F08042C3F8E820D3F81021C7
:1053600042F08042C3F81021D3F810312268036E56
:10537000C16D03EB52038466B3FBF2F3626815045C
:1053800042BF23F0070503F0070343EA4503CB6060
:10539000A36843F040034B60E36843F001038B6074
:1053A00042F4967343F001030B604FF0FF330B623E
:1053B000510505D512F0102205D0B2F1805F04D05E
:1053C00080F8643030BD7F23FAE73F23F8E700BF61
:1053D0006498000818390020004402582DE9F0476D
:1053E000C66D05463768F469210734621AD014F097
:1053F000080118BF4FF48071E20748BF41F0200157
:10540000A3074FF0300348BF41F04001600748BF99
:1054100041F0800183F31188281DFFF753FF00231B
:1054200083F31188E2050AD5302383F311884FF402
:105430008061281DFFF746FF002383F311884FF09A
:1054400030094FF0000A14F0200838D13B0616D579
:105450004FF0300905F1380A200610D589F311887C
:10546000504600F07DF9002836DA0821281DFFF7A4
:1054700029FF27F080033360002383F31188790626
:1054800014D5620612D5302383F31188D5E913238E
:105490009A4208D12B6C33B127F040071021281D08
:1054A000FFF710FF3760002383F31188E30618D558
:1054B000AA6E1369ABB15069BDE8F047184789F38C
:1054C0001188736A284695F86410194000F008FCAA
:1054D0008AF31188F469B6E7B06288F31188F46939
:1054E000BAE7BDE8F0870000090100F1604301223E
:1054F00003F56143C9B283F8001300F01F039A401B
:1055000043099B0003F1604303F56143C3F8802125
:105510001A60704700F01F0301229A40430900F10E
:1055200060409B0000F5614003F1604303F5614377
:10553000C3F88020C3F88021002380F8003370472F
:10554000F8B51546826804460B46AA4200D2856823
:10555000A1692669761AB5420BD218462A46FCF78D
:1055600029FDA3692B44A3612846A3685B1BA360A4
:10557000F8BD0CD9AF1B18463246FCF71BFD3A4666
:10558000E1683044FCF716FDE3683B44EBE718465E
:105590002A46FCF70FFDE368E5E7000083689342C5
:1055A000F7B50446154600D28568D4E90460361A7A
:1055B000B5420BD22A46FCF7FDFC63692B446361BC
:1055C0002846A3685B1BA36003B0F0BD0DD932462B
:1055D000AF1B0191FCF7EEFC01993A46E0683144BB
:1055E000FCF7E8FCE3683B44E9E72A46FCF7E2FC09
:1055F000E368E4E710B50A440024C361029B8460B9
:10560000C16002610362C0E90000C0E9051110BD7C
:1056100008B5D0E90532934201D1826882B9826827
:10562000013282605A1C426119700021D0E90432B3
:105630009A4224BFC368436101F022F9002008BDEB
:105640004FF0FF30FBE7000070B5302304460E46F4
:1056500083F31188A568A5B1A368A269013BA36083
:10566000531CA36115782269934224BFE368A361A8
:10567000E3690BB120469847002383F3118828463D
:1056800007E03146204601F0EBF80028E2DA85F326
:10569000118870BD2DE9F74F04460E46174698460F
:1056A000D0F81C904FF0300A8AF311884FF0000BAD
:1056B000154665B12A4631462046FFF741FF0346AD
:1056C00060B94146204601F0CBF80028F1D0002314
:1056D00083F31188781B03B0BDE8F08FB9F1000F98
:1056E00003D001902046C847019B8BF31188ED1A27
:1056F0001E448AF31188DCE7C160C361009B8260AD
:105700000362C0E905111144C0E90000016170475E
:10571000F8B504460D461646302383F31188A76872
:10572000A7B1A368013BA36063695A1C62611D7045
:10573000D4E904329A4224BFE3686361E3690BB1A0
:1057400020469847002080F3118807E03146204624
:1057500001F086F80028E2DA87F31188F8BD00002E
:10576000D0E9052310B59A4201D182687AB98268DE
:105770000021013282605A1C82611C7803699A42BE
:1057800024BFC368836101F07BF8204610BD4FF051
:10579000FF30FBE72DE9F74F04460E4617469846C3
:1057A000D0F81C904FF0300A8AF311884FF0000BAC
:1057B000154665B12A4631462046FFF7EFFE0346FF
:1057C00060B94146204601F04BF80028F1D0002393
:1057D00083F31188781B03B0BDE8F08FB9F1000F97
:1057E00003D001902046C847019B8BF31188ED1A26
:1057F0001E448AF31188DCE70379052B05BF836A11
:10580000002001204B6004BF4FF400730B60704711
:1058100070B55D1E866A04460D44B54205D9436BDA
:1058200043F080034363012070BD06250571FFF737
:10583000EDFC05232371F7E770B55D1E866A04460B
:105840000D44B54205D9436B43F080034363012007
:1058500070BD07250571FFF7FFFC05232371F7E7EE
:1058600038B505790446052D05D108230371FFF7E6
:1058700019FD257138BD0120FCE700000323F0B5B8
:10588000037185B00446FFF7B3FA002220461146A3
:10589000FFF7F8FA4FF4D57203AB08212046FFF763
:1058A00013FB0246B8B901232363039BC3F303230D
:1058B000012B09D103AB37212046FFF705FB18B9AF
:1058C000A44B039A1340ABB120460125FFF7C2FA5F
:1058D0000223237137E103AB002237212046FFF773
:1058E000F3FA28B99B4A039B1A40002A00F0A780CC
:1058F00002232363236B03F00F03022B40F0A980E4
:105900006425954E42F2107000F086FF03AB3246DC
:1059100001212046FFF7C2FA0028D5D1039B002BB6
:1059200080F293805A0003D5236B43F01003236366
:10593000002204F1080302212046FFF723FB024660
:105940000028C1D104F1380303212046FFF7BCFA37
:105950000028B9D104F11805A26B092120462B4675
:10596000FFF710FB0028AFD102ABA26B0721204646
:10597000FFF7AAFA06460028A6D1236B03F00F030F
:10598000022B40F08F807E227F21284603F020F9F1
:10599000012840F28780E76B42F2107000F03CFF74
:1059A00008234FF40072394620460096FFF706FBA5
:1059B000002889D1384603F059F9236BA06203F01F
:1059C0000F03022B72D103AB644A06212046FFF776
:1059D0007BFA002871D15F49039B1940B1FA81F12C
:1059E00049092046FFF716FA02AB4FF40072102166
:1059F0002046FFF769FA054600287FF465AF554E4B
:105A0000029B33427FF460AF236B13F00E0F03F061
:105A10000F0273D0022A7FF457AFE36A1978012985
:105A200000F09480022900F09380002900F0898022
:105A30004B4F2046FFF714FA03AB3A4676E0114687
:105A400020462263FFF71EFA54E7013D7FF45AAF68
:105A50003AE7444D6426444A3E4F012B18BF154691
:105A600003AB002237212046FFF72EFA00287FF4EF
:105A70002BAF039B3B427FF427AF03AB2A46292180
:105A80002046FFF70BFA00287FF41EAF039B002B84
:105A9000FFF648AF013E3FF417AF42F2107000F03E
:105AA000BBFEDDE7284603F0B5F886E77E227F21BE
:105AB0002846E66B03F08CF808B9002191E7002333
:105AC00040223146204600930623FFF777FA00284C
:105AD000F3D1B3895BBA9B07EFD5244B4022314603
:105AE000204600930623FFF769FA0028E5D1317CB0
:105AF00001F00F010F3918BF012172E7E36A19782D
:105B0000F9B101297FF4E0AE2046FFF7A9F903AB14
:105B1000A26B37212046FFF7D7F900287FF4D4AED7
:105B2000039B33427FF4D0AE03AB02220621204612
:105B3000FFF7CAF900287FF4C7AE039B33427FF416
:105B4000C3AE05232371284605B0F0BD084F70E7AA
:105B5000084F6EE708E0FFFD0080FFC00001B903B9
:105B60000000B7030080FF5000001080F1FFFF80AD
:105B70000001B7030002B70337B504460C4D01AB73
:105B8000A26B0D212046FFF79FF978B9019B2B42AC
:105B90000BD1C3F34323042B08D0053B022B04D8BD
:105BA0004FF47A7000F038FEE9E7012003B030BD11
:105BB00008E0FFFD70B53023054683F311880379B3
:105BC0000024022B03D184F31188204670BD0423E6
:105BD000037184F311880226FFF7CEFF044628469E
:105BE000FFF738F92E71F0E7FFF790B8044B036028
:105BF0000123037100234363C0E90A33704700BFE8
:105C00007C98000810B53023044683F31188C162E4
:105C1000FFF796F802230020237180F3118810BD4E
:105C200010B53023044683F31188FFF7B3F800233F
:105C30000122E362227183F3118810BD0268436878
:105C40001143016003B11847704700001430FFF79B
:105C500021BD00004FF0FF331430FFF71BBD0000E3
:105C60003830FFF797BD00004FF0FF333830FFF7B3
:105C700091BD00001430FFF7E7BC00004FF0FF318A
:105C80001430FFF7E1BC00003830FFF741BD0000E1
:105C90004FF0FF323830FFF73BBD0000012914BF41
:105CA0006FF0130000207047FFF71CBB044B03602C
:105CB00000234360C0E9023301230374704700BF2F
:105CC000A098000810B53023044683F31188FFF72D
:105CD00033FB02230020237480F3118810BD0000E1
:105CE00038B5C36904460D461BB904210844FFF7C3
:105CF000A5FF294604F11400FFF78AFC002806DA04
:105D0000201D4FF40061BDE83840FFF797BF38BD54
:105D1000026843681143016003B1184770470000EF
:105D200013B5406B00F58054D4F8A4381A68117884
:105D3000042914D1017C022911D119790123128976
:105D40008B4013420BD101A94C3002F06FFED4F806
:105D5000A4480246019B2179206800F0DFF902B0D7
:105D600010BD0000143002F0F1BD00004FF0FF3311
:105D7000143002F0EBBD00004C3002F0C3BE000056
:105D80004FF0FF334C3002F0BDBE0000143002F083
:105D9000BFBD00004FF0FF31143002F0B9BD00006C
:105DA0004C3002F08FBE00004FF0FF324C3002F05A
:105DB00089BE00000020704710B500F58054D4F86B
:105DC000A4381A681178042917D1017C022914D14A
:105DD0005979012352898B4013420ED1143002F0BD
:105DE00051FD024648B1D4F8A4484FF4407361799C
:105DF0002068BDE8104000F07FB910BD406BFFF790
:105E0000DBBF0000704700007FB5124B0125042660
:105E1000044603600023057400F1840243602946B0
:105E2000C0E902330C4B0290143001934FF44073DD
:105E3000009602F003FD094B04F69442294604F152
:105E40004C000294CDE900634FF4407302F0CAFDA8
:105E500004B070BDC8980008FD5D0008215D000811
:105E60000A68302383F311880B790B3342F823003F
:105E70004B79133342F823008B7913B10B3342F87B
:105E8000230000F58053C3F8A418022303740020F4
:105E900080F311887047000038B5037F044613B1C2
:105EA00090F85430ABB90125201D0221FFF730FFD7
:105EB00004F114006FF00101257700F0EDFC04F10E
:105EC0004C0084F854506FF00101BDE8384000F0F8
:105ED000E3BC38BD10B5012104460430FFF718FFBC
:105EE0000023237784F8543010BD000038B50446F1
:105EF0000025143002F0BAFC04F14C00257702F0C2
:105F000089FD201D84F854500121FFF701FF204630
:105F1000BDE83840FFF750BF90F8803003F06003D1
:105F2000202B06D190F881200023212A03D81F2A94
:105F300006D800207047222AFBD1C0E91D3303E0B8
:105F4000034A426707228267C3670120704700BF88
:105F50003C22002037B500F58055D5F8A4381A68E2
:105F6000117804291AD1017C022917D1197901234A
:105F700012898B40134211D100F14C04204602F0EB
:105F800009FE58B101A9204602F050FDD5F8A448F9
:105F90000246019B2179206800F0C0F803B030BDB3
:105FA00001F10B03F0B550F8236085B004460D46AF
:105FB000FEB1302383F3118804EB8507301D0821DF
:105FC000FFF7A6FEFB6806F14C005B691B681BB17E
:105FD000019002F039FD019803A902F027FD024665
:105FE00048B1039B2946204600F098F8002383F32C
:105FF000118805B0F0BDFB685A691268002AF5D017
:106000001B8A013B1340F1D104F18002EAE7000052
:10601000133138B550F82140ECB1302383F31188A7
:1060200004F58053D3F8A4281368527903EB820354
:10603000DB689B695D6845B104216018FFF768FE65
:10604000294604F1140002F027FC2046FFF7B4FEB5
:10605000002383F3118838BD7047000001F05ABD5A
:1060600001234022002110B5044600F8303BFBF725
:10607000C7FF0023C4E9013310BD000010B5302371
:10608000044683F311882422416000210C30FBF781
:10609000B7FF204601F060FD02230020237080F34B
:1060A000118810BD70B500EB8103054650690E469E
:1060B0001446DA6018B110220021FBF7A1FFA06995
:1060C00018B110220021FBF79BFF31462846BDE89E
:1060D000704001F047BE000083682022002103F0D9
:1060E000011310B5044683601030FBF789FF20468A
:1060F000BDE8104001F0C2BEF0B4012500EB810400
:1061000047898D40E4683D43A469458123600023AD
:10611000A2606360F0BC01F0DFBE0000F0B40125B6
:1061200000EB810407898D40E4683D436469058183
:1061300023600023A2606360F0BC01F055BF000043
:1061400070B5022300250446242203702946C0F8B6
:1061500088500C3040F8045CFBF752FF204684F86E
:10616000705001F093FD63681B6823B129462046F7
:10617000BDE87040184770BD0378052B10B5044684
:106180000AD080F88C300523037043681B680BB17C
:10619000042198470023A36010BD00000178052961
:1061A00006D190F88C20436802701B6803B1184731
:1061B0007047000070B590F87030044613B10023AA
:1061C00080F8703004F18002204601F07BFE6368A5
:1061D0009B68B3B994F8803013F0600535D0002186
:1061E000204602F06DF90021204602F05DF9636857
:1061F0001B6813B1062120469847062384F87030A7
:1062000070BD204698470028E4D0B4F88630A26FCD
:106210009A4288BFA36794F98030A56F002B4FF096
:10622000300380F20381002D00F0F280092284F80F
:10623000702083F3118800212046D4E91D23FFF745
:106240006DFF002383F31188DAE794F8812003F0CF
:106250007F0343EA022340F20232934200F0C580FA
:1062600021D8B3F5807F48D00DD8012B3FD0022B29
:1062700000F09380002BB2D104F188026267022201
:10628000A267E367C1E7B3F5817F00F09B80B3F5B8
:10629000407FA4D194F88230012BA0D1B4F888308B
:1062A00043F0020332E0B3F5006F4DD017D8B3F5D9
:1062B000A06F31D0A3F5C063012B90D8636820464E
:1062C00094F882205E6894F88310B4F88430B04764
:1062D000002884D0436863670368A3671AE0B3F5B6
:1062E000106F36D040F6024293427FF478AF5C4B99
:1062F00063670223A3670023C3E794F88230012B6E
:106300007FF46DAFB4F8883023F00203A4F888302E
:10631000C4E91D55E56778E7B4F88030B3F5A06FA0
:106320000ED194F88230204684F88A3001F00CFDBA
:1063300063681B6813B1012120469847032323702B
:106340000023C4E91D339CE704F18B036367012339
:10635000C3E72378042B10D1302383F31188204620
:10636000FFF7BAFE85F311880321636884F88B5028
:1063700021701B680BB12046984794F88230002B9F
:10638000DED084F88B300423237063681B68002BF5
:10639000D6D0022120469847D2E794F88430204690
:1063A0001D0603F00F010AD501F07EFD012804D07F
:1063B00002287FF414AF2B4B9AE72B4B98E701F0A0
:1063C00065FDF3E794F88230002B7FF408AF94F872
:1063D000843013F00F01B3D01A06204602D502F024
:1063E00087F8ADE702F078F8AAE794F88230002B3E
:1063F0007FF4F5AE94F8843013F00F01A0D01B06A3
:10640000204602D502F05CF89AE702F04DF897E7D3
:10641000142284F8702083F311882B462A462946DB
:106420002046FFF769FE85F31188E9E65DB1152284
:1064300084F8702083F3118800212046D4E91D23BD
:10644000FFF75AFEFDE60B2284F8702083F31188D3
:106450002B462A4629462046FFF760FEE3E700BFA9
:10646000F8980008F0980008F498000838B590F8FB
:1064700070300446002B3ED0063BDAB20F2A34D8E7
:106480000F2B32D8DFE803F03731310822323131B7
:106490003131313131313737856FB0F886309D4237
:1064A00014D2C3681B8AB5FBF3F203FB12556DB916
:1064B000302383F311882B462A462946FFF72EFE08
:1064C00085F311880A2384F870300EE0142384F8D1
:1064D0007030302383F31188002320461A46194672
:1064E000FFF70AFE002383F3118838BDC36F03B1A1
:1064F00098470023E7E70021204601F0E1FF002153
:10650000204601F0D1FF63681B6813B106212046C5
:1065100098470623D7E7000010B590F8703004467E
:10652000142B29D017D8062B05D001D81BB110BDCC
:10653000093B022BFBD80021204601F0C1FF0021BE
:10654000204601F0B1FF63681B6813B106212046A5
:106550009847062319E0152BE9D10B2380F87030FA
:10656000302383F3118800231A461946FFF7D6FD1E
:10657000002383F31188DAE7C3689B695B68002B0B
:10658000D5D1C36F03B19847002384F87030CEE7AC
:106590000023826880F8243083691B6899689142DF
:1065A000FBD25A6803604260106058607047000078
:1065B0000023826880F8243083691B6899689142BF
:1065C000FBD85A6803604260106058607047000052
:1065D00008B50846302383F3118891F82430032B43
:1065E00005D0042B0DD02BB983F3118808BD8B6A1D
:1065F00000221A604FF0FF338362FFF7C9FF0023C8
:10660000F2E7D1E9003213605A60F3E7034610B5B0
:106610001B68984203D09C688A689442F8D25A68F2
:106620000B604A601160596010BD0000FFF7B0BFF9
:1066300038B50B4B1C68DD6885F824002268536070
:106640001A600122DC60A36884F82420934201D1FF
:1066500001F026F929462046BDE83840F9F7D2BEB8
:10666000883D00200C4B30B5DD684B1C87B00446DC
:106670000FD02B46094A684600F0A2F92046FFF7E2
:10668000D7FF009B13B1684600F0A4F9A86A07B0D1
:1066900030BDFFF7CDFFF9E7883D0020D165000848
:1066A000044B1A68DB6890689B68984294BF00208E
:1066B00001207047883D002038B50C4B1C68DD6810
:1066C000226853601A600122DC6084F82420AB68E1
:1066D000934201D101F0E6F82846FFF769FF014631
:1066E0002046BDE83840F9F78DBE00BF883D002048
:1066F000044B1A68DB6892689B689A4201D9FFF7DD
:10670000DBBF7047883D002038B50123084C0025C9
:106710002370656002F0D8FA02F0FEFA05490648D7
:1067200002F0D4FB0223237085F3118838BD00BF2B
:106730003040002000990008883D002000F080B91A
:10674000034A516853685B1A9842FBD8704700BFF0
:10675000001000E08B604B630023CA6100F1280247
:106760000B6302230A618B840123886181F8263040
:1067700001F11003C26A4A611360C36201F12C0384
:106780000846CB6270470000D0E90131026841F849
:10679000183CA1F19C033839CB60036941F8243CD3
:1067A000436941F8203C034B41F8043CC36802486C
:1067B000FFF7D0BF1D040008883D002008B5FFF793
:1067C000E3FFBDE80840FFF731BF000038B50E4BCE
:1067D000DC6804F12C05A062E06AA8420FD194F8AD
:1067E00026303BB994F825309B0702BFD4E9043228
:1067F00013605A600F20BDE83840FFF719BF0368E7
:10680000E362FFF713FFE7E7883D0020302383F3BF
:106810001188FFF7DBBF000008B50146302383F382
:1068200011880820FFF71EFF002383F3118808BD9D
:10683000054BDB6821B1036098620320FFF712BFAC
:106840004FF0FF30704700BF883D002003682BB138
:106850000022026018469962FFF7E8BE7047000008
:10686000064BDB6839B1426818605A6013604360B8
:106870000420FFF7F7BE4FF0FF307047883D00203F
:106880000368984206D01A68026050601846996200
:10689000FFF7CCBE7047000038B504460D462068AF
:1068A000844200D138BD036823605C608562FFF7D5
:1068B000BDFEF4E7036810B59C68A2420CD85C6882
:1068C0008A600B604C602160596099688A1A9A60EE
:1068D0004FF0FF33836010BD121B1B68ECE7000014
:1068E0000A2938BF0A2170B504460D460A266019E8
:1068F00002F0E4F902F0CCF9041BA54203D8751CA0
:1069000004462E46F3E70A2E04D90120BDE8704064
:1069100002F0A4BB70BD0000F8B5144B0D460A2A66
:106920004FF00A07D96103F11001826038BF0A22D3
:10693000416019691446016048601861A81802F0A6
:10694000ADF902F0A5F9431B0646A34206D37C1C11
:1069500028192746354602F0B1F9F2E70A2F04D983
:106960000120BDE8F84002F079BBF8BD883D002069
:10697000F8B506460D4602F08BF90F4A134653F858
:10698000107F9F4206D12A4601463046BDE8F840B6
:10699000FFF7C2BFD169BB68441A2C1928BF2C4627
:1069A000A34202D92946FFF79BFF224631460348FE
:1069B000BDE8F840FFF77EBF883D0020983D0020ED
:1069C000C0E90323002310B45DF8044B4361FFF7D3
:1069D000CFBF000010B5194C236998420DD08168D3
:1069E000D0E9003213605A609A680A449A60002322
:1069F00003604FF0FF33A36110BD0268234643F8E4
:106A0000102F53600022026022699A4203D1BDE830
:106A1000104002F04DB9936881680B44936002F016
:106A200037F92269E1699268441AA242E4D9114413
:106A3000BDE81040091AFFF753BF00BF883D002092
:106A40002DE9F047DFF8BC8008F110072C4ED8F88C
:106A5000105002F01DF9D8F81C40AA68031B9A4296
:106A60003ED814444FF00009D5E90032C8F81C4064
:106A700013605A60C5F80090D8F81030B34201D1C5
:106A800002F016F989F31188D5E9033128469847B1
:106A9000302383F311886B69002BD8D002F0F8F80B
:106AA0006A69A0EB040982464A450DD2022002F031
:106AB000D5FA0022D8F81030B34208D15146284602
:106AC000BDE8F047FFF728BF121A2244F2E712EBA5
:106AD00009092946384638BF4A46FFF7EBFEB5E7B5
:106AE000D8F81030B34208D01444C8F81C00211A5A
:106AF000A960BDE8F047FFF7F3BEBDE8F08700BF2F
:106B0000983D0020883D002038B502F0C1F8054AC4
:106B1000D2E90845031B181945F10001C2E9080133
:106B200038BD00BF883D002010B560B90748047922
:106B30000368053C9B6818BF0124984708B144F0DE
:106B40000404204610BD0124FBE700BFC03600202E
:106B5000FFF7EABF2DE9F047884617469A460446F4
:106B6000B0B90D4E3579052D05D003240DE0013D5A
:106B700015F0FF050ED03268534639463046D2F83C
:106B800014904246C8470028F1D12046BDE8F0875E
:106B90000424FAE70124F8E7C03600202DE9F04785
:106BA000884617469A460446B0B90D4E3579052DEC
:106BB00005D003240DE0013D15F0FF050ED032682D
:106BC000534639463046D2F818904246C847002806
:106BD000F1D12046BDE8F0870424FAE70124F8E764
:106BE000C036002037B50C46154670B951B10129A1
:106BF0000BD10748694603681B6A984710B9019B87
:106C000004462B60204603B030BD0424FAE700BFE1
:106C1000C036002000207047FEE7000070470000EB
:106C20004FF0FF30704700004B6843608B68836013
:106C3000CB68C3600B6943614B6903628B69436234
:106C40000B6803607047000008B53C4B40F2FF71D1
:106C50003B48D3F888200A43C3F88820D3F888201B
:106C600022F4FF6222F00702C3F88820D3F88820BC
:106C7000D3F8E0200A43C3F8E020D3F808210A4300
:106C8000C3F808212F4AD3F808311146FFF7CCFF8B
:106C900000F5806002F11C01FFF7C6FF00F580607F
:106CA00002F13801FFF7C0FF00F5806002F15401E6
:106CB000FFF7BAFF00F5806002F17001FFF7B4FF43
:106CC00000F5806002F18C01FFF7AEFF00F58060F7
:106CD00002F1A801FFF7A8FF00F5806002F1C401EE
:106CE000FFF7A2FF00F5806002F1E001FFF79CFFD3
:106CF00000F5806002F1FC01FFF796FF02F58C7150
:106D000000F58060FFF790FF01F08AFC0E4BD3F88E
:106D1000902242F00102C3F89022D3F8942242F06C
:106D20000102C3F894220522C3F898204FF0605264
:106D3000C3F89C20054AC3F8A02008BD00440258AF
:106D4000000002581499000800ED00E01F0008033D
:106D500008B501F05FFDFFF7D7FC104BD3F8DC203E
:106D600042F04002C3F8DC20D3F8042122F04002B4
:106D7000C3F80421D3F80431094B1A6842F0080221
:106D80001A601A6842F004021A6000F067FD00F011
:106D90003DFBBDE8084000F0B5B800BF0044025814
:106DA000001802480120704700207047704700001B
:106DB00002290CD0032904D00129074818BF00205C
:106DC0007047032A05D8054800EBC2007047044805
:106DD00070470020704700BF149B00084C22002021
:106DE000C89A000870B59AB005460846144601A92D
:106DF00000F0C2F801A8FBF7FBF8431C0022C6B262
:106E00005B001046C5E9003423700323023404F804
:106E1000013C01ABD1B202348E4201D81AB070BD30
:106E200013F8011B013204F8010C04F8021CF1E70D
:106E300008B5302383F311880348FFF78BF800234C
:106E400083F3118808BD00BF3840002090F88030DF
:106E500003F01F02012A07D190F881200B2A03D1E9
:106E60000023C0E91D3315E003F06003202B08D197
:106E7000B0F884302BB990F88120212A03D81F2A3A
:106E800004D8FFF749B8222AEBD0FAE7034A426751
:106E900007228267C3670120704700BF432200209A
:106EA00007B5052917D8DFE801F0191603191920CD
:106EB000302383F31188104A01210190FFF7F2F883
:106EC000019802210D4AFFF7EDF80D48FFF70EF883
:106ED000002383F3118803B05DF804FB302383F3B0
:106EE00011880748FEF7D8FFF2E7302383F31188B3
:106EF0000348FEF7EFFFEBE7689A00088C9A00085A
:106F00003840002038B50C4D0C4C2A460C4904F191
:106F10000800FFF767FF05F1CA0204F110000949F4
:106F2000FFF760FF05F5CA7204F118000649BDE8D5
:106F30003840FFF757BF00BF105900204C220020F7
:106F4000489A0008529A00085D9A000870B50446F5
:106F500008460D46FBF74CF8C6B2204601340378CC
:106F60000BB9184670BD32462946FBF72DF80028AC
:106F7000F3D10120F6E700002DE9F04705460C4665
:106F8000FBF736F82A49C6B22846FFF7DFFF08B1FB
:106F90000936F6B227492846FFF7D8FF08B1103660
:106FA000F6B2632E0BD8DFF88880DFF88890224F86
:106FB000DFF890A02E7846B92670BDE8F087294604
:106FC0002046BDE8F04702F0E7B8252E2CD1072275
:106FD00041462846FAF7F8FF60B9184B224603F1FC
:106FE000100153F8040B8B4242F8040BF9D107351A
:106FF0001034DFE7082249462846FAF7E5FF98B93A
:10700000A21C0F4B197802320909C95D02F8041C51
:1070100013F8011B01F00F015345C95D02F8031C71
:10702000F0D118340835C5E7013504F8016BC1E724
:10703000349B00085D9A00084D9B00083C9B0008AB
:1070400000E8F11F0CE8F11FBFF34F8F044B1A69E2
:107050005107FCD1D3F810215207F8D1704700BF77
:107060000020005208B50D4B1B78ABB9FFF7ECFFC1
:107070000B4BDA68D10704D50A4A5A6002F188320C
:107080005A60D3F80C21D20706D5064AC3F804216A
:1070900002F18832C3F8042108BD00BF6E5B0020F6
:1070A000002000522301674508B5114B1B78F3B946
:1070B000104B1A69510703D5DA6842F04002DA60D2
:1070C000D3F81021520705D5D3F80C2142F0400225
:1070D000C3F80C21FFF7B8FF064BDA6842F0010253
:1070E000DA60D3F80C2142F00102C3F80C2108BD8C
:1070F0006E5B0020002000520F289ABF00F58060D0
:1071000040040020704700004FF40030704700003A
:10711000102070470F2808B50BD8FFF7EDFF00F5DA
:1071200000330268013204D104308342F9D10120D6
:1071300008BD0020FCE700000F2838B505463FD801
:10714000FFF782FF1F4CFFF78DFF4FF0FF3307283B
:107150006361C4F814311DD82361FFF775FF030282
:1071600043F02403E360E36843F08003E3602369B2
:107170005A07FCD42846FFF767FFFFF7BDFF4FF41F
:10718000003100F09BFA2846FFF78EFFBDE838403B
:10719000FFF7C0BFC4F81031FFF756FFA0F1080396
:1071A0001B0243F02403C4F80C31D4F80C3143F033
:1071B0008003C4F80C31D4F810315B07FBD4D9E755
:1071C000002038BD002000522DE9F84F04460D463E
:1071D000104644EA0203DE0602D00020BDE8F88F24
:1071E00020F01F00DFF8D4B0DFF8D4A0FFF73AFF9B
:1071F00005EB0008454503D10120FFF755FFEDE7FA
:1072000020222946204601F08FFF10B92034203576
:10721000F0E7234604F120021F68791CDDD1043316
:107220009342F9D104F178432048214EB3F5801FF1
:10723000204B38BF184603F1F80332BFD946D14678
:107240001E46FFF701FF0760A4EB050C336805F14C
:107250001C0143F0020333602B1FD9F8007017F0B4
:107260000507FAD153F8042F8B424CF80320F4D1D0
:10727000BFF34F8FFFF7E8FE4FF0FF330360336833
:1072800023F002033360BFF34F8F0B4BC3F85C4214
:10729000BFF34F8FBFF36F8F20222946204601F0A6
:1072A00043FF0028B2D03846A7E700BF14210052A0
:1072B0000C2000521420005200ED00E0102000527B
:1072C0001021005210B5084C237828B11BB9FFF7E4
:1072D000C9FE0123237010BD002BFCD02070BDE837
:1072E0001040FFF7E1BE00BF6E5B00202DE9F04FBC
:1072F0000D4685B0814658B111F00D0614BF20220D
:10730000082211F00803019304D0431E034269D000
:10731000002435E0002E37D009F11F0121F01F09AC
:107320004FF00108314F05F00403DFF8CCA005EA67
:10733000080BBBF1000F32D07869C0072FD408F1D9
:1073400001080C37B8F1060FF3D19EB9284D494614
:10735000A819019201F002FD0446002839D1203617
:10736000019AA02EF3D1494601F0F8FC044600280A
:107370002FD1019A49461F4801F0F0FC044660BB3A
:10738000204605B0BDE8F08F0029C9D10146284646
:10739000029201F0E3FC0446D8B9029AC0E713B1A7
:1073A00078694107CBD5AC0702D578698007C6D587
:1073B000019911B178690107C1D549460AEB481016
:1073C000CDE9022301F0CAFC0446DDE902230028CE
:1073D000B5D04A460021204601E04A460021FAF78E
:1073E0000FFECDE70246002E96D199E7609B00087C
:1073F000B05B0020705B0020905B00200021FFF755
:1074000075BF00000121FFF771BF000000231A467D
:1074100070B51A600433B3F5806FFAD1104D0124B2
:10742000104E06EB441001342A6955F80C1F01F088
:1074300081FC062CF5D137254FF4C0542046FFF7C8
:10744000E1FF014628B122460748BDE8704001F03F
:1074500071BCC4EBC404013D4FEAD404EED170BD4D
:10746000609B0008905B0020705B00200421FFF708
:107470003DBF00004843FFF7C1BF000008B101F065
:10748000DFBC7047B0F5805F10B5044607D8FFF742
:10749000EDFF28B92046BDE81040FFF7AFBF002040
:1074A00010BD0000FFF7EABF70B5AAB140EA0103C2
:1074B00013F01F030FD1094C0144A5686D0706D5D1
:1074C0002568A84203D366683544A94204D903332A
:1074D0000C34122BF1D10022104670BD609B0008C5
:1074E00008B501F0C3FD034AD2E90032C01842EBEF
:1074F000010108BD505C0020434BD3E900232DE976
:10750000F34113437CD0FFF7EBFF404A00230027F1
:10751000F8F792FF06460D463D4A0023F8F78CFF28
:107520000023144630462946394AF8F785FF4FF4C0
:1075300061613C23ADF80170B4FBF1F5B4FBF3F6E7
:1075400001FB154103FB16464624B1FBF3F1314B19
:10755000F6B28DF8004098423CD84FF0640C4FF4DE
:10756000C87EA30704F26C7225D1B2FBFCF30CFBBE
:10757000132313BBB2FBFEF30EFB1322B2FA82F30A
:107580005B0903F26D18621C8045D2B217D90FB1A6
:107590008DF800400022204C4FF00C0C17460CFBDD
:1075A0000343D4B2013213F804C084450CD8A0EBD5
:1075B0000C000127F5E70023E3E70123E1E7A0EB57
:1075C000080014460127CCE70FB18DF80140431C99
:1075D0008DF802309DF80100431C9DF800005038E2
:1075E000400640EA43509DF8023040EA034040EA3A
:1075F000560040EAC52040EA411002B0BDE8F081E3
:107600004FF40410F9E700BF505C002040420F0027
:107610008051010090230B00A89B00080244074BF7
:10762000D2B210B5904200D110BD441C00B253F844
:10763000200041F8040BE0B2F4E700BF50400058CE
:107640000E4B30B51C6F240405D41C6F1C671C6FD7
:1076500044F400441C670A4C02442368D2B243F449
:1076600080732360074B904200D130BD441C51F819
:10767000045B00B243F82050E0B2F4E70044025843
:10768000004802585040005807B5012201A90020C7
:10769000FFF7C4FF019803B05DF804FB13B504467F
:1076A000FFF7F2FFA04205D0012201A900200194BA
:1076B000FFF7C6FF02B010BD704700000144BFF3E2
:1076C0004F8F064B884204D3BFF34F8FBFF36F8FAA
:1076D0007047C3F85C022030F4E700BF00ED00E023
:1076E0000144BFF34F8F064B884204D3BFF34F8F43
:1076F000BFF36F8F7047C3F870022030F4E700BF0C
:1077000000ED00E070B5054616460C46012010213C
:10771000FFF7B0FE286046733CB1204636B1FFF754
:10772000A5FE2B68186000B19C6070BDFFF76AFE73
:10773000F7E70000F8B50F461546044648B905F1CD
:107740001F010126386821F01F01FFF7B7FF3046FF
:10775000F8BD427B29463868FFF7A6FE064600289A
:10776000EDD13B686360A368AB4210D213B12068CF
:10777000FFF784FE637B28462BB1FFF777FE20607E
:1077800020B9A060E3E7FFF73DFEF8E7A5602068B9
:1077900005F11F01012621F01F013860FFF78EFF60
:1077A0002673D4E770B50E4602F11F010446154654
:1077B00021F01F013046FFF793FF4CB12168B14221
:1077C00006D1606810B12A46FAF7F4FB0023237350
:1077D00070BD0000F8B50F461446054648B904F1DF
:1077E0001F010126386821F01F01FFF779FF30469D
:1077F000F8BD427B21463868FFF756FE0646002852
:10780000EDD1AB68A34210D213B12868FFF736FE62
:107810006B7B20462BB1FFF729FE286020B9A860BA
:10782000E5E7FFF7EFFDF8E7AC60396819B12246EC
:107830002868FAF7BFFB286804F11F01012621F030
:107840001F013860FFF74CFF2E73D0E720B10368AB
:107850008B4204BF0023037370470000034B1A6878
:107860001AB9034AD2F8D0241A607047585C002035
:107870000040025808B5FFF7F1FF024B1868C0F34B
:10788000806008BD585C0020CAB201460120FFF7A5
:10789000D7BE0000CAB201460120FFF7BFBE0000FC
:1078A0007047000070470000EFF309830549683313
:1078B0004A6B22F001024A6383F30988002383F3B1
:1078C0001188704700EF00E0302080F3118862B625
:1078D0000D4B0E4AD96821F4E0610904090C0A43F2
:1078E0000B49DA60D3F8FC2042F08072C3F8FC2028
:1078F000084AC2F8B01F116841F00101116020224E
:10790000DA7783F82200704700ED00E00003FA0503
:1079100055CEACC5001000E0302310B583F31188BC
:107920000E4B5B6813F4006314D0F1EE103AEFF3E2
:1079300009844FF08073683CE361094BDB6B23667D
:1079400084F30988FEF7ACFE10B1064BA36110BDAD
:10795000054BFBE783F31188F9E700BF00ED00E07A
:1079600000EF00E02F0400083204000870B5BFF3F8
:107970004F8FBFF36F8F1A4A0021C2F85012BFF326
:107980004F8FBFF36F8F536943F400335361BFF3DD
:107990004F8FBFF36F8FC2F88410BFF34F8FD2F8B1
:1079A000803043F6E074C3F3C900C3F34E335B0188
:1079B00003EA0406014646EA81750139C2F86052BD
:1079C000F9D2203B13F1200FF2D1BFF34F8F53694F
:1079D00043F480335361BFF34F8FBFF36F8F70BD9C
:1079E00000ED00E0FEE70000214B2248224A70B57E
:1079F000904237D3214BC11EDA1C121A22F0030227
:107A00008B4238BF00220021FAF7FAFA1C4A002301
:107A1000C2F88430BFF34F8FD2F8803043F6E07461
:107A2000C3F3C900C3F34E335B0103EA0406014606
:107A300046EA81750139C2F86C52F9D2203B13F144
:107A4000200FF2D1BFF34F8FBFF36F8FBFF34F8F74
:107A5000BFF36F8F0023C2F85032BFF34F8FBFF3D5
:107A60006F8F70BD53F8041B40F8041BC0E700BFC4
:107A7000A49C0008D45D0020D45D0020D45D0020CB
:107A800000ED00E0074BD3F8D81021EA0001C3F85D
:107A9000D810D3F8002122EA0002C3F80021D3F85D
:107AA000003170470044025870B5D0E924430022E9
:107AB0004FF0FF359E6804EB42135101D3F80009E3
:107AC000002805DAD3F8000940F08040C3F8000927
:107AD000D3F8000B002805DAD3F8000B40F0804003
:107AE000C3F8000B013263189642C3F80859C3F873
:107AF000085BE0D24FF00113C4F81C3870BD0000E1
:107B0000890141F02001016103699B06FCD4122028
:107B1000FEF716BE10B50A4C2046FEF7A1FA094B37
:107B2000C4F89030084BC4F89430084C2046FEF757
:107B300097FA074BC4F89030064BC4F8943010BD48
:107B40005C5C002000000840E49B0008F85C00201A
:107B500000000440F09B000870B503780546012B37
:107B60005CD1434BD0F89040984258D1414B0E2104
:107B70006520D3F8D82042F00062C3F8D820D3F8AB
:107B8000002142F00062C3F80021D3F80021D3F8AD
:107B9000802042F00062C3F88020D3F8802022F0D9
:107BA0000062C3F88020D3F88030FDF79DFC324B93
:107BB000E360324BC4F800380023D5F89060C4F875
:107BC000003EC02323604FF40413A3633369002BEA
:107BD000FCDA01230C203361FEF7B2FD3369DB07C9
:107BE000FCD41220FEF7ACFD3369002BFCDA002632
:107BF0002846A660FFF758FF6B68C4F81068DB687A
:107C0000C4F81468C4F81C6883BB1D4BA3614FF013
:107C1000FF336361A36843F00103A36070BD194B98
:107C20009842C9D1134B4FF08060D3F8D82042F06E
:107C30000072C3F8D820D3F8002142F00072C3F8D4
:107C40000021D3F80021D3F8802042F00072C3F85D
:107C50008020D3F8802022F00072C3F88020D3F86F
:107C60008030FFF70FFF0E214D209EE7064BCDE73A
:107C70005C5C0020004402584014004003002002D5
:107C8000003C30C0F85C0020083C30C0F8B5D0F8AB
:107C90009040054600214FF000662046FFF730FF78
:107CA000D5F8941000234FF001128F684FF0FF3089
:107CB000C4F83438C4F81C2804EB431201339F4243
:107CC000C2F80069C2F8006BC2F80809C2F8080BD4
:107CD000F2D20B68D5F89020C5F898306362102373
:107CE0001361166916F01006FBD11220FEF728FD6D
:107CF000D4F8003823F4FE63C4F80038A36943F4D1
:107D0000402343F01003A3610923C4F81038C4F8DA
:107D100014380B4BEB604FF0C043C4F8103B094BD9
:107D2000C4F8003BC4F81069C4F80039D5F898309D
:107D300003F1100243F48013C5F89820A362F8BD44
:107D4000C09B000840800010D0F8902090F88A1066
:107D5000D2F8003823F4FE6343EA0113C2F8003876
:107D6000704700002DE9F84300EB8103D0F89050F4
:107D70000C468046DA680FFA81F94801166806F069
:107D80000306731E022B05EB41134FF0000194BF55
:107D9000B604384EC3F8101B4FF0010104F1100374
:107DA00098BF06F1805601FA03F3916998BF06F572
:107DB000004600293AD0578A04F158013743490157
:107DC0006F50D5F81C180B430021C5F81C382B1830
:107DD0000127C3F81019A7405369611E9BB3138A8A
:107DE000928B9B08012A88BF5343D8F89820981893
:107DF00042EA034301F140022146C8F898002846B0
:107E000005EB82025360FFF77BFE08EB8900C36835
:107E10001B8A43EA845348341E4364012E51D5F82B
:107E20001C381F43C5F81C78BDE8F88305EB4917DB
:107E3000D7F8001B21F40041C7F8001BD5F81C1827
:107E400021EA0303C0E704F13F030B4A2846214619
:107E500005EB83035A60FFF753FE05EB4910D0F89A
:107E6000003923F40043C0F80039D5F81C3823EA60
:107E70000707D7E70080001000040002D0F8942024
:107E80001268C0F89820FFF70FBE00005831D0F8F4
:107E9000903049015B5813F4004004D013F4001FE4
:107EA0000CBF0220012070474831D0F890304901C2
:107EB0005B5813F4004004D013F4001F0CBF0220E1
:107EC0000120704700EB8101CB68196A0B681360D1
:107ED0004B6853607047000000EB810330B5DD68EC
:107EE000AA691368D36019B9402B84BF402313607B
:107EF0006B8A1468D0F890201C4402EB4110013CBE
:107F000009B2B4FBF3F46343033323F0030343EAFE
:107F1000C44343F0C043C0F8103B2B6803F0030395
:107F2000012B0ED1D2F8083802EB411013F4807FF8
:107F3000D0F8003B14BF43F0805343F00053C0F827
:107F4000003B02EB4112D2F8003B43F00443C2F87D
:107F5000003B30BD2DE9F041D0F8906005460C465D
:107F600006EB4113D3F8087B3A07C3F8087B08D522
:107F7000D6F814381B0704D500EB8103DB685B6877
:107F80009847FA071FD5D6F81438DB071BD505EB41
:107F90008403D968CCB98B69488A5A68B2FBF0F679
:107FA00000FB16228AB91868DA6890420DD2121ABC
:107FB000C3E90024302383F3118821462846FFF7C4
:107FC0008BFF84F31188BDE8F081012303FA04F2EA
:107FD0006B8923EA02036B81CB68002BF3D0214627
:107FE0002846BDE8F041184700EB81034A0170B50F
:107FF000DD68D0F890306C692668E66056BB1A449C
:108000004FF40020C2F810092A6802F00302012A86
:108010000AB20ED1D3F8080803EB421410F4807FA3
:10802000D4F8000914BF40F0805040F00050C4F86C
:10803000000903EB4212D2F8000940F00440C2F8F4
:1080400000090122D3F8340802FA01F10143C3F810
:10805000341870BD19B9402E84BF402020602068BC
:108060001A442E8A8419013CB4FBF6F440EAC44059
:1080700040F00050C6E700002DE9F843D0F89060CA
:1080800005460C464F0106EB4113D3F8088918F05A
:10809000010FC3F808891CD0D6F81038DB0718D5B3
:1080A00000EB8103D3F80CC0DCF81430D3F800E007
:1080B000DA68964530D2A2EB0E024FF000091A6042
:1080C000C3F80490302383F31188FFF78DFF89F301
:1080D000118818F0800F1DD0D6F834380126A6403C
:1080E000334217D005EB84030134D5F89050D3F810
:1080F0000CC0E4B22F44DCF8142005EB0434D2F8B1
:1081000000E05168714514D3D5F8343823EA0606E7
:10811000C5F83468BDE8F883012303FA01F2038946
:1081200023EA02030381DCF80830002BD1D0984702
:10813000CFE7AEEB0103BCF81000834228BF034633
:10814000D7F8180980B2B3EB800FE3D89068A0F19C
:10815000040959F8048FC4F80080A0EB090898447A
:10816000B8F1040FF5D818440B4490605360C8E789
:108170002DE9F84FD0F8905004466E69AB691E4067
:1081800016F480586E6103D0BDE8F84FFDF7D8BFF4
:10819000002E12DAD5F8003E9B0705D0D5F8003E38
:1081A00023F00303C5F8003ED5F80438204623F039
:1081B0000103C5F80438FDF7F1FF370505D5204662
:1081C000FFF772FC2046FDF7D7FFB0040CD5D5F8B9
:1081D000083813F0060FEB6823F470530CBF43F418
:1081E000105343F4A053EB6031071BD56368DB6881
:1081F0001BB9AB6923F00803AB612378052B0CD1C5
:10820000D5F8003E9A0705D0D5F8003E23F00303C9
:10821000C5F8003E2046FDF7C1FF6368DB680BB17F
:1082200020469847F30200F1BA80B70226D5D4F869
:10823000909000274FF0010A09EB4712D2F8003B5B
:1082400003F44023B3F5802F11D1D2F8003B002B6B
:108250000DDA62890AFA07F322EA0303638104EB69
:108260008703DB68DB6813B139462046984701373E
:10827000D4F89430FFB29B689F42DDD9F00619D53F
:10828000D4F89000026AC2F30A1702F00F0302F456
:10829000F012B2F5802F00F0CA80B2F5402F09D15C
:1082A00004EB8303002200F58050DB681B6A9742D1
:1082B00040F0B0803003D5F8185835D5E90303D520
:1082C00000212046FFF746FEAA0303D501212046E0
:1082D000FFF740FE6B0303D502212046FFF73AFE6D
:1082E0002F0303D503212046FFF734FEE80203D510
:1082F00004212046FFF72EFEA90203D505212046C2
:10830000FFF728FE6A0203D506212046FFF722FE6A
:108310002B0203D507212046FFF71CFEEF0103D5F2
:1083200008212046FFF716FE700340F1A780E907F9
:1083300003D500212046FFF79FFEAA0703D50121A0
:108340002046FFF799FE6B0703D502212046FFF771
:1083500093FE2F0703D503212046FFF78DFEEE067F
:1083600003D504212046FFF787FEA80603D5052183
:108370002046FFF781FE690603D506212046FFF758
:108380007BFE2A0603D507212046FFF775FEEB0585
:1083900074D520460821BDE8F84FFFF76DBED4F82C
:1083A00090904FF0000B4FF0010AD4F894305FFA30
:1083B0008BF79B689F423FF638AF09EB4713D3F822
:1083C000002902F44022B2F5802F20D1D3F80029F1
:1083D000002A1CDAD3F8002942F09042C3F80029A1
:1083E000D3F80029002AFBDB3946D4F89000FFF7C8
:1083F00087FB22890AFA07F322EA0303238104EBAD
:108400008703DB689B6813B13946204698470BF118
:10841000010BCAE7910701D1D0F80080072A02F1C9
:1084200001029CBF03F8018B4FEA18283FE704EBD9
:10843000830300F58050DA68D2F818C0DCF8082011
:10844000DCE9001CA1EB0C0C00218F4208D1DB6899
:108450009B699A683A449A605A683A445A6029E794
:1084600011F0030F01D1D0F800808C4501F101011A
:1084700084BF02F8018B4FEA1828E6E7BDE8F88FC1
:1084800008B50348FFF774FEBDE80840FFF744BA9B
:108490005C5C002008B50348FFF76AFEBDE80840B1
:1084A000FFF73ABAF85C0020D0F8903003EB4111A6
:1084B000D1F8003B43F40013C1F8003B70470000C3
:1084C000D0F8903003EB4111D1F8003943F4001398
:1084D000C1F8003970470000D0F8903003EB41112B
:1084E000D1F8003B23F40013C1F8003B70470000B3
:1084F000D0F8903003EB4111D1F8003923F4001388
:10850000C1F8003970470000064BD3F8DC20024365
:10851000C3F8DC20D3F804211043C3F80401D3F8D6
:10852000043170470044025808B53C4B4FF0FF310E
:10853000D3F8802062F00042C3F88020D3F8802076
:1085400002F00042C3F88020D3F88020D3F88420C2
:10855000C3F88410D3F884200022C3F88420D3F811
:108560008400D86F40F0FF4040F4FF0040F4DF404B
:1085700040F07F00D867D86F20F0FF4020F4FF0064
:1085800020F4DF4020F07F00D867D86FD3F8880050
:108590006FEA40506FEA5050C3F88800D3F8880063
:1085A000C0F30A00C3F88800D3F88800D3F890001D
:1085B000C3F89010D3F89000C3F89020D3F890003F
:1085C000D3F89400C3F89410D3F89400C3F894201F
:1085D000D3F89400D3F89800C3F89810D3F8980013
:1085E000C3F89820D3F89800D3F88C00C3F88C1007
:1085F000D3F88C00C3F88C20D3F88C00D3F89C00FF
:10860000C3F89C10D3F89C10C3F89C20D3F89C307E
:10861000FCF778FABDE8084000F0E8B800440258DA
:1086200008B50122534BC3F80821534BD3F8F4206B
:1086300042F00202C3F8F420D3F81C2142F00202F7
:10864000C3F81C210222D3F81C314C4BDA605A6863
:108650009104FCD54A4A1A6001229A60494ADA60BC
:1086600000221A614FF440429A61444B9A69920485
:10867000FCD51A6842F480721A603F4B1A6F12F4EC
:10868000407F04D04FF480321A6700221A671A68BC
:1086900042F001021A60384B1A685007FCD50022DC
:1086A0001A611A6912F03802FBD1012119604FF0EA
:1086B000804159605A67344ADA62344A1A611A684A
:1086C00042F480321A602C4B1A689103FCD51A6868
:1086D00042F480521A601A689204FCD52C4A2D4943
:1086E0009A6200225A63196301F57C01DA6301F290
:1086F000E71199635A64284A1A64284ADA621A68A8
:1087000042F0A8521A601C4B1A6802F02852B2F1CB
:10871000285FF9D148229A614FF48862DA614022D9
:108720001A621F4ADA641F4A1A651F4A5A651F4AAD
:108730009A6532231E4A1360136803F00F03022B5D
:10874000FAD10D4A136943F003031361136903F06F
:108750003803182BFAD14FF00050FFF7D5FE4FF039
:108760008040FFF7D1FE4FF00040BDE80840FFF722
:10877000CBBE00BF008000510044025800480258A0
:1087800000C000F0020000010000FF010088900816
:108790001210200063020901470E0508DD0BBF011E
:1087A00020000020000001100910E000000101106D
:1087B0000020005208B50348FCF776FDBDE80840EC
:1087C000FFF7AAB8C036002008B50348FCF706FE3C
:1087D000BDE80840FFF7A0B81839002008B500F040
:1087E0008DFCBDE80840FFF797B8000008B50921E7
:1087F0007A20FCF779FE09213120FCF775FE07216C
:108800003220FCF771FE0C215220BDE80840FCF735
:108810006BBE000008B5FFF787FE00F043FCFDF7D4
:1088200043FAFDF7E1F9FDF719FCFDF7EBFAFEF766
:10883000BDFABDE8084000F029BA000030B50433A5
:10884000039C0172002104FB0325C160C0E90653AB
:10885000049B0363059BC0E90000C0E90422C0E952
:108860000842C0E90A11436330BD00000022416A9A
:10887000C260C0E90411C0E90A226FF00101FEF7ED
:108880000BB80000D0E90432934201D1C2680AB9A2
:10889000181D704700207047036919600021C268E5
:1088A0000132C260C269134482699342036124BFEA
:1088B000436A0361FDF7E4BF38B504460D46E3683B
:1088C0003BB162690020131D1268A3621344E36286
:1088D00007E0237A33B929462046FDF7C1FF002877
:1088E000EDDA38BD6FF00100FBE70000C368C26934
:1088F000013BC3604369134482699342436124BFCF
:10890000436A436100238362036B03B118477047D6
:1089100070B53023044683F31188866A3EB9FFF7A9
:10892000CBFF054618B186F31188284670BDA36AAF
:10893000E26A13F8015B9342A36202D32046FFF779
:10894000D5FF002383F31188EFE700002DE9F84FEE
:1089500004460E46174698464FF0300989F31188B1
:108960000025AA46D4F828B0BBF1000F09D1414632
:108970002046FFF7A1FF20B18BF311882846BDE800
:10898000F88FD4E90A12A7EB050B521A934528BFBA
:108990009346BBF1400F1BD9334601F1400251F819
:1089A000040B914243F8040BF9D1A36A40364035D9
:1089B0004033A362D4E90A239A4202D32046FFF748
:1089C00095FF8AF31188BD42D8D289F31188C9E78F
:1089D00030465A46F9F7EEFAA36A5E445D445B44BA
:1089E000A362E7E710B5029C0433017203FB042184
:1089F000C460C0E906130023C0E90A33039B036384
:108A0000049BC0E90000C0E90422C0E908424363B6
:108A100010BD0000026A6FF00101C260426AC0E945
:108A200004220022C0E90A22FDF736BFD0E9042360
:108A30009A4201D1C26822B9184650F8043B0B6033
:108A4000704700231846FAE7C3680021C269013362
:108A5000C3604369134482699342436124BF436AFC
:108A60004361FDF70DBF000038B504460D46E368CD
:108A70003BB1236900201A1DA262E2691344E3623C
:108A800007E0237A33B929462046FDF7E9FE00289E
:108A9000EDDA38BD6FF00100FBE7000003691960F3
:108AA000C268013AC260C269134482699342036199
:108AB00024BF436A036100238362036B03B1184739
:108AC0007047000070B530230D460446114683F30D
:108AD0001188866A2EB9FFF7C7FF10B186F3118897
:108AE00070BDA36A1D70A36AE26A01339342A36258
:108AF00004D3E16920460439FFF7D0FF002080F35A
:108B00001188EDE72DE9F84F04460D469046994649
:108B10004FF0300A8AF311880026B346A76A4FB98E
:108B200049462046FFF7A0FF20B187F31188304661
:108B3000BDE8F88FD4E90A073A1AA8EB060797426E
:108B400028BF1746402F1BD905F1400355F8042BC9
:108B50009D4240F8042BF9D1A36A40364033A3620A
:108B6000D4E90A239A4204D3E16920460439FFF785
:108B700095FF8BF311884645D9D28AF31188CDE74A
:108B800029463A46F9F716FAA36A3D443E443B4467
:108B9000A362E5E7D0E904239A4217D1C3689BB1E9
:108BA000836A8BB1043B9B1A0ED01360C368013BF0
:108BB000C360C3691A4483699A42026124BF436A4D
:108BC0000361002383620123184670470023FBE7FB
:108BD00001F01F03F0B502F01F0456095A1C0123CF
:108BE000B6EB511F50F8265003FA02F34FEA511723
:108BF00003F1FF333DBF50F82720C4F1200013409C
:108C000003EA05003BBF03FA00F225FA04F0E04056
:108C10001043F0BD70B57E227F210546FFF7D8FFD7
:108C200018B1012819D0002070BD3E2249212846E4
:108C3000FFF7CEFF2F22044631212846FFF7C8FF59
:108C4000064601345022023653212846B440FFF72D
:108C5000BFFF093804FA00F0E6E730224521284634
:108C6000FFF7B6FF01308002DEE7000090F8D63053
:108C700090F8D7201B0403EB026390F8D42090F8FF
:108C8000D500134403EB00207047000000F00CBA3D
:108C9000014B586A704700BF000C0040034B002294
:108CA00058631A610222DA60704700BF000C00406E
:108CB000014B0022DA607047000C0040014B586302
:108CC000704700BF000C0040024B034A1A60034A81
:108CD0005A607047AC5D0020D85D00200000022083
:108CE000074B494210B55C68201A08401968821A7F
:108CF0008A4203D3A24201D85A6010BD0020FCE78B
:108D0000AC5D002008B5302383F31188FFF7E8FF3E
:108D1000002383F3118808BD0448054B036000233A
:108D2000C0E901330C3000F017B900BFB45D00207A
:108D3000058D0008CB1D083A23F00703591A521A73
:108D400010B4D2080024C0E9004384600C301C60D9
:108D50005A605DF8044B00F0FFB800002DE9F74FB2
:108D6000364FCD1D8846002818BF0746082A4FEA0F
:108D7000D50538BF082207F10C003C1D9146019033
:108D800000F02CF9019809F10701C9F1000E224603
:108D9000246864B900F02CF93B68CBB3082249463B
:108DA000E8009847044698B340E9027830E004EBC5
:108DB000010CD4F804A00CEA0E0C0AF10106ACF187
:108DC000080304EBC6069E42E1D9A6EB0C0CB5EBFA
:108DD000EC0F4FEAEC0BDAD89C421DD204F10802EA
:108DE000AB45A3EB02024FEAE202626009D9691CBB
:108DF000ED4303EBC1025D445560256843F83150F3
:108E000022601C46C3F8048044F8087B00F0F0F8A8
:108E1000204603B0BDE8F08FAA45216802D1116059
:108E20002346EEE7013504EBC50344F8351003F1A2
:108E30000801761AF6105E601360F1E7B45D002059
:108E400073B50446A0F1080550F8080C54F8043C2A
:108E5000061D0C3007330190DB0844F8043C00F099
:108E6000BDF8334601989E421A6801D0AB4228D221
:108E70000AB1954225D244F8082C54F8042C1D6000
:108E8000013254F8081C05EBC206B14206D14E6807
:108E9000324444F8042C0A6844F8082C5E68711CBB
:108EA00003EBC1018D4207D154F8042C0132324446
:108EB0005A6054F8082C1A6002B0BDE8704000F007
:108EC00097B81346CFE70000FEE7000070B51E4BD1
:108ED0000025044686B058600E4605638163FEF7A0
:108EE000F3FC04F12803A5606563C4E90A3304F1C7
:108EF0001003C4E904334FF0FF33C4E90044C4E96C
:108F00000635FFF7C5FE2B46024604F13C0120461C
:108F1000C4E9082380230D4A6567FDF71BFC7368CD
:108F2000E0600B4A03620123009280F82430684617
:108F3000F26801923269CDE90223064BCDE904358E
:108F4000FDF73CFC06B070BD30400020049C0008DA
:108F5000FC9B0008C98E00080023C0E90000836064
:108F60000361704770B51C4B05468468DE685CB3CE
:108F7000B44213D103690133036170BDA36094F857
:108F8000243083B1062B15D1A06A2146D4E90032E2
:108F900013605A60FDF73AFBA36A9C68B368A26845
:108FA0009A42EBD306E0D4E90032204613605A60BF
:108FB000FDF73CFB28463146FDF728FBB56206204D
:108FC000BDE87040FDF734BB03698660013303617F
:108FD000336BC3603063D0E7883D002008B5302391
:108FE00083F31188FFF7BEFF002383F3118808BDC8
:108FF000194BD96883688B4210B520D1302383F395
:1090000011880269013A0261B2B90468C368A042DA
:109010000B631ED04A6B9BB901238A60036103680E
:109020001A68026050601A6B8360C2601863184649
:10903000FDF7FCFAFDF75CFB002383F3118810BDFC
:109040001C68A34203D0A468A24238BF2246DB6852
:10905000E1E78260F0E700BF883D0020024A536BE1
:1090600018435063704700BF883D002038B5EFF3C8
:1090700011859DB9EFF30584C4F30804302334B19E
:1090800083F31188FDF740FD85F3118838BD83F324
:109090001188FDF739FD84F3118838BDBDE83840EB
:1090A000FDF732BD70470000114BD3F8E82042F0C5
:1090B0000802C3F8E820D3F8102142F00802C3F8F0
:1090C00010210C4AD3F81031D36B43F00803D3635B
:1090D000C722094B9A624FF0FF32DA6200229A618E
:1090E0005A63DA605A6001225A611A60704700BF01
:1090F000004402580010005C000C0040094A08B50A
:109100001169D3680B40D9B29B076FEA0101116165
:1091100007D5302383F31188FDF710FB002383F379
:10912000118808BD000C004010B50139024490427E
:1091300001D1002005E0037811F8014FA34201D0CE
:10914000181B10BD0130F2E7884210B501EB020494
:1091500002D98442234607D8431EA14208D011F801
:10916000012B03F8012FF8E7024401468A4200D19F
:1091700010BD13F8014D02F8014DF7E7C9B20346DF
:1091800010F8012B1AB18A42F9D11846704700290C
:1091900018BF0023F9E70000034611F8012B03F87C
:1091A000012B002AF9D1704710B50139034632B1BD
:1091B00011F8014F03F8014B013A002CF7D11A4482
:1091C0000021934200D110BD03F8011BF9E7000014
:1091D00036343066343731303130343533643132FF
:1091E0000000000012100000121100001213000015
:1091F0004D4435002D2D0A002F6172647570696C25
:109200006F742E6162696E002F6172647570696C93
:109210006F742D7665726966792E6162696E002FB2
:109220006172647570696C6F742D666C6173682E01
:109230006162696E002F6172647570696C6F742D64
:10924000666C61736865642E6162696E000000007F
:1092500000000000000000009D1000083911000807
:10926000E912000871110008311100080000000027
:1092700000000000991000084511000821130008A3
:1092800095100008A110000853544D333248373F61
:109290003F3F0053544D3332483733782F373278BD
:1092A0000053544D3332483734332F3735332F374B
:1092B0003530000001105A000310590001205800F9
:1092C000032056002F0000005375636365737366B7
:1092D000756C6C79206D6F756E74656420534443B2
:1092E0006172642028736C6F77646F776E3D2575AB
:1092F000290A0000EB769045584641542020200072
:109300004641543332202020000000002A3A3C3EDF
:109310007C223F7F002B2C3B3D5B5D00435545414C
:109320004141414345454549494941414592924F53
:109330004F4F5555594F554F9C4F9E9F41494F5543
:10934000A5A5A6A7A8A9AAABACADAEAFB0B1B2B364
:10935000B4414141B8B9BABBBCBDBEBFC0C1C2C3B4
:10936000C4C54141C8C9CACBCCCDCECFD1D145456A
:109370004549494949D9DADBDCDD49DF4FE14F4F47
:109380004F4FE6E8E85555555959EEEFF0F1F2F335
:10939000F4F5F6F7F8F9FAFBFCFDFEFF010305070B
:1093A000090E10121416181C1E00000061001A038A
:1093B000E0001703F8000703FF0001007801000137
:1093C000300132010601390110014A012E017901F3
:1093D000060180014D004302810182018201840166
:1093E000840186018701870189018A018B018B0134
:1093F0008D018E018F0190019101910193019401E2
:10940000F60196019701980198013D029B019C018C
:109410009D0120029F01A001A001A201A201A401BF
:10942000A401A601A701A701A901AA01AB01AC01F2
:10943000AC01AE01AF01AF01B101B201B301B301A3
:10944000B501B501B701B801B801BA01BB01BC0152
:10945000BC01BE01F701C001C101C201C301C401C9
:10946000C501C401C701C801C701CA01CB01CA01B6
:10947000CD011001DD0101008E01DE011201F301B9
:109480000300F101F401F401F801280122021201A4
:109490003A020900652C3B023B023D02662C3F026A
:1094A00040024102410246020A015302400081018A
:1094B0008601550289018A0158028F015A029001E2
:1094C0005C025D025E025F0293016102620294012E
:1094D0006402650266026702970196016A02622CC5
:1094E0006C026D026E029C01700271029D0173029A
:1094F00074029F0176027702780279027A027B0277
:109500007C02642C7E027F02A60181028202A901F4
:109510008402850286028702AE014402B101B201D3
:1095200045028D028E028F0290029102B7017B03E9
:109530000300FD03FE03FF03AC030400860388035E
:1095400089038A03B1031103C2030200A303A30327
:10955000C4030803CC0303008C038E038F03D803DA
:109560001801F2030A00F903F303F403F503F60309
:10957000F703F703F903FA03FA0330042003500456
:109580001007600422018A043601C1040E01CF04D1
:109590000100C004D004440161052604000000005D
:1095A0007D1D0100632C001E9601A01E5A01001FA4
:1095B0000806101F0606201F0806301F0806401F59
:1095C0000606511F0700591F521F5B1F541F5D1FC6
:1095D000561F5F1F601F0806701F0E00BA1FBB1FBB
:1095E000C81FC91FCA1FCB1FDA1FDB1FF81FF91FB7
:1095F000EA1FEB1FFA1FFB1F801F0806901F0806BB
:10960000A01F0806B01F0400B81FB91FB21FBC1F5F
:10961000CC1F0100C31FD01F0206E01F0206E51F7A
:109620000100EC1FF31F0100FC1F4E21010032213D
:1096300070211002842101008321D0241A05302CCE
:109640002F04602C0201672C0601752C0201802C6E
:109650006401002D260841FF1A030000C700FC002A
:10966000E900E200E400E000E500E700EA00EB00CA
:10967000E800EF00EE00EC00C400C500C900E60001
:10968000C600F400F600F200FB00F900FF00D6006F
:10969000DC00F800A300D800D7009201E100ED0043
:1096A000F300FA00F100D100AA00BA00BF00AE003A
:1096B000AC00BD00BC00A100AB00BB009125922511
:1096C000932502252425C100C200C000A9006325FE
:1096D000512557255D25A200A50010251425342508
:1096E0002C251C2500253C25E300C3005A255425C4
:1096F00069256625602550256C25A400F000D00062
:10970000CA00CB00C8003101CD00CE00CF00182523
:109710000C2588258425A600CC008025D300DF00F9
:10972000D400D200F500D500B500FE00DE00DA005E
:10973000DB00D900FD00DD00AF00B400AD00B100DA
:109740001720BE00B600A700F700B800B000A800C0
:10975000B700B900B300B200A025A000100002407D
:10976000080002400008024000000B0028000240F0
:10977000080002400408024006010C0040000240BC
:10978000080002400808024010020D005800024084
:10979000080002400C08024016030E007000024050
:1097A0000C0002401008024000040F008800024034
:1097B0000C0002401408024006051000A000024000
:1097C0000C0002401808024010061100B8000240C8
:1097D0000C0002401C08024016072F001004024033
:1097E0000804024020080240000838002804024013
:1097F00008040240240802400609390040040240DF
:109800000804024028080240100A3A0058040240A6
:10981000080402402C080240160B3B007004024072
:109820000C04024030080240000C3C008804024056
:109830000C04024034080240060D4400A00402401B
:109840000C04024038080240100E4500B8040240E3
:109850000C0402403C080240160F460001000000C4
:109860000000000000960000000000000000000062
:1098700000000000000000000000000000000000E8
:10988000A56D0008A96D00087D580008B55B0008AB
:10989000115800083958000861580008F9570008A5
:1098A00000000000695C0008555C0008915C00083D
:1098B0007D5C0008895C0008755C0008615C00083C
:1098C0004D5C00089D5C000800000000815D000800
:1098D0006D5D0008A95D0008955D0008A15D0008A8
:1098E0008D5D0008795D0008655D0008B55D0008C4
:1098F00000000000010000000000000063300000D4
:10990000FC9800080000000000000000003E00205D
:10991000304000200000802A00000000AAAAAAAA65
:1099200000000024FFFF00000000000000A00A006B
:109930000000000100000000AAAAAAAA000000017D
:10994000FFFF000000000000000000000000AA4629
:1099500000000000AAAAAAAA00005544FFFF0000C8
:1099600000000000CCCC0C00200110000000000022
:10997000AAAAAAAA10010000FFFB0000000C000028
:10998000000000005080420000000000AAAAAAAA1D
:1099900010404100F7FF00000000007007000000C9
:1099A0000000000000000000AAAAAAAA000000000F
:1099B000FFFF0000000000000000000000000000A9
:1099C00000000000AAAAAAAA00000000FFFF0000F1
:1099D0000000000000000000000000000000000087
:1099E000AAAAAAAA00000000FFFF000000000000D1
:1099F000000000000000000000000000AAAAAAAABF
:109A000000000000FFFF0000000000000000000058
:109A10000000000000000000AAAAAAAA000000009E
:109A2000FFFF000000000000000000000000000038
:109A300000000000AAAAAAAA00000000FFFF000080
:109A400000000000000000004172647550696C6FF6
:109A5000740025424F415244252D424C0025534568
:109A60005249414C250000000200000000000000A7
:109A7000A15F00081160000840004000E05800208D
:109A8000F058002002000000000000000300000069
:109A900000000000596000080000000010000000F5
:109AA000005900200000000001000000000000003C
:109AB0005C5C002001010200A16E0008B16D00088D
:109AC0004D6E0008316E000843000000D09A000877
:109AD00009024300020100C0320904000001020231
:109AE00001000524001001052401000104240202E4
:109AF0000524060001070582030800FF0904010090
:109B0000020A00000007050102400000070581026B
:109B100040000000120000001C9B00081201100110
:109B20000200004009124157000201020301000037
:109B30000403090425424F41524425004D617465D8
:109B40006B483734332D626473686F740030313280
:109B500033343536373839414243444546000000F6
:109B600000000020000002000200000000000030A1
:109B700000000400080000000000002400000800AD
:109B8000040000000004000000FC000002000000CF
:109B900000000430008000000800000000000038D1
:109BA00000000100010000001F1C1F1E1F1E1F1FC0
:109BB0001E1F1E1F1F1D1F1E1F1E1F1F1E1F1E1FBD
:109BC00000000000B56100086D6400081965000818
:109BD00040004000945D0020945D002001000000E2
:109BE000A45D00208000000040010000080000008B
:109BF00000010000001000000800000069646C65AE
:109C0000000000006D61696E002C043804043808FF
:109C10000C10141C20242526000000000000640401
:109C20000100040000000000000C00102830340087
:109C30003868FF7F01000000F5030000000000000D
:109C400000001A0000000000FF0000003840002063
:109C500018390020000000008892000883040000EA
:109C60009392000850040000A19200080100000037
:109C700000000000009600000000080096000000B0
:109C80000008000004000000309B000800000000F5
:109C900000000000000000000000000000000000C4
:049CA00000000000C0
:00000001FF
